נושא על,תגית מאוחדת,כמה אוחדו,תגית מקורית,תת נושא,הצעות חוק,השאלה המלאה
"משפט, ממשל ודמוקרטיה","פשיעה, אכיפה וענישה","5","עונשי מינימום לפשיעה","משפט פלילי, ענישה ואכיפה","229","האם יש להחמיר את הענישה ולקבוע עונשי מינימום כדי להילחם בפשיעה וליצור הרתעה?"
"משפט, ממשל ודמוקרטיה","פשיעה, אכיפה וענישה","5","החמרת ענישה פלילית","משפט פלילי, ענישה ואכיפה","180","האם יש להחמיר את האכיפה והענישה הפלילית כדי למנוע פשיעה וטרור?"
"משפט, ממשל ודמוקרטיה","פשיעה, אכיפה וענישה","5","שיקום נפגעי עבירה","משפט פלילי, ענישה ואכיפה","50","האם לתת עדיפות לזכויות וצרכי שיקום של נפגעי עבירה על פני זכויות הנאשם?"
"משפט, ממשל ודמוקרטיה","פשיעה, אכיפה וענישה","5","ענישת חסרי ישע","משפט פלילי, ענישה ואכיפה","26","האם להחמיר את האכיפה והענישה הפלילית כדי להילחם בפשיעה ובפוגעים בחסרי ישע?"
"משפט, ממשל ודמוקרטיה","פשיעה, אכיפה וענישה","5","סמכויות משטרה ופיקוח","אכיפה, תביעה ובתי סוהר","30","האם לתת למשטרה ולכוחות הביטחון סמכות רחבות וגמישות יותר או להגביר את הפיקוח עליהם?"
"עבודה, זכויות ושוויון","תנאי עבודה וזכויות עובדים","5","זכויות סוציאליות לעובדים","זכויות עובדים ותנאי עבודה","293","האם לתת עדיפות להרחבת ההגנות והזכויות הסוציאליות של עובדים או להפחתת הנטל הכלכלי על מעסיקים?"
"עבודה, זכויות ושוויון","תנאי עבודה וזכויות עובדים","5","תעסוקה ורשתות ביטחון","תעסוקה ואבטלה","60","האם על המדינה למקד את משאביה והמענקים הכלכליים בעידוד תעסוקה בענפים חיוניים ואוכלוסיות ספציפיות, או להרחיב רשתות ביטחון אוניברסליות לכלל הדורשים זאת?"
"עבודה, זכויות ושוויון","תנאי עבודה וזכויות עובדים","5","סוף שבוע ארוך","זכויות עובדים ותנאי עבודה","6","האם לאפשר גמישות בארגון שעות העבודה השבועיות כדי ליצור סוף שבוע ארוך?"
"עבודה, זכויות ושוויון","תנאי עבודה וזכויות עובדים","5","ארגון עובדים יציג","זכויות עובדים ותנאי עבודה","5","האם לאפשר לעובדים חופש בחירה מלא לעזוב או להימנע מהצטרפות לארגון עובדים יציג?"
"עבודה, זכויות ושוויון","תנאי עבודה וזכויות עובדים","5","פיטורי עובדים","זכויות עובדים ותנאי עבודה","5","האם לאפשר למעסיקים לפטר עובדים או להשעותם מיד במקרי חשד לעבירות חמורות או פגיעה בביטחון?"
"בריאות ורווחה","מערכת הבריאות והרפואה","5","סבסוד שירותי בריאות","מערכת הבריאות ושירותים רפואיים","139","האם על המדינה להרחיב את הסבסוד והמימון הממשלתי לשירותים רפואיים וטכנולוגיות?"
"בריאות ורווחה","מערכת הבריאות והרפואה","5","פיקוח מערכת הבריאות","מערכת הבריאות ושירותים רפואיים","79","האם יש להטיל חובות רגולטוריות ופיקוח מחמירים על גופים ובעלי מקצוע במערכת הבריאות כדי להבטיח בטיחות ושוויון?"
"בריאות ורווחה","מערכת הבריאות והרפואה","5","טיפולים רפואיים עצמאיים","מערכת הבריאות ושירותים רפואיים","45","האם לאפשר החלטות וטיפולים רפואיים עצמאיים המבוססים על שיקול דעת הפרט?"
"בריאות ורווחה","מערכת הבריאות והרפואה","5","רגולציה במערכת הבריאות","מערכת הבריאות ושירותים רפואיים","38","האם להקל בדרישות הרגולטוריות והבירוקרטיות כדי להגדיל את זמינות כוח האדם הרפואי והשירותים?"
"בריאות ורווחה","מערכת הבריאות והרפואה","5","זמני המתנה בבפואן","מערכת הבריאות ושירותים רפואיים","27","האם על המדינה לחייב את מערכת הבריאות בעמידה בלוחות זמנים קשיחים ומתן פיצוי על עיכובים?"
"כלכלה, מיסים ויוקר המחיה","מיסים והון שחור","3","הטבות מס ממוקדות","מיסוי וגבייה","261","האם יש לתת הטבות מס והקלות כלכליות ממוקדות לאוכלוסיות ועסקים מסוימים?"
"כלכלה, מיסים ויוקר המחיה","מיסים והון שחור","3","נטל המס","מיסוי וגבייה","28","האם לתת עדיפות להקלה על הנטל הבירוקרטי והכלכלי של אזרחים מול רשויות המס?"
"כלכלה, מיסים ויוקר המחיה","מיסים והון שחור","3","צמצום ההון השחור","מיסוי וגבייה","7","האם יש להחמיר את הפיקוח והמגבלות על עסקאות ותשלומים כדי לצמצם את ההון השחור?"
"בריאות ורווחה","רווחה ועוני","4","הגדלת קצבאות הרווחה","רווחה, עוני וסיוע חברתי","103","האם להרחיב ולהגדיל את התמיכה הכלכלית הישירה והקצבאות שמספקת המדינה לאוכלוסיות זכאיות?"
"בריאות ורווחה","רווחה ועוני","4","סיוע לאוכלוסיות במצוקה","רווחה, עוני וסיוע חברתי","70","האם על המדינה להרחיב ולהעמיק את הסיוע הכלכלי והמשפטי הישיר לאוכלוסיות במצוקה ובסיכון?"
"בריאות ורווחה","רווחה ועוני","4","הטבות לשירות צבאי","רווחה, עוני וסיוע חברתי","10","האם יש לתעדף זכויות והטבות סוציאליות על בסיס שירות צבאי או אזרחי?"
"בריאות ורווחה","רווחה ועוני","4","ביקורת שיפוטית ברווחה","רווחה, עוני וסיוע חברתי","5","האם לתת עדיפות לביקורת שיפוטית רחבה על החלטות רווחה ומנהל כדי להגן על זכויות הפרט?"
"כלכלה, מיסים ויוקר המחיה","יוקר המחיה וצרכנות","3","פיקוח מחירים","צרכנות, מחירים ותחרות","109","האם על המדינה להטיל פיקוח מחירים וכללים נוקשים על עסקים כדי להוריד את יוקר המחיה?"
"כלכלה, מיסים ויוקר המחיה","יוקר המחיה וצרכנות","3","הגנת צרכנים","צרכנות, מחירים ותחרות","48","האם להטיל חובות רגולציה ושקיפות מחמירים על עסקים כדי להגן באופן אקטיבי על צרכנים?"
"כלכלה, מיסים ויוקר המחיה","יוקר המחיה וצרכנות","3","תחרות חופשית ויבוא","סחר, תעשייה, יבוא ותיירות","20","האם יש לתת עדיפות להגנה על תעשייה וחקלאות מקומיות או לפתיחת השוק לתחרות חופשית והוזלת מחירים?"
"חינוך, תרבות ודת","בתי ספר וגיל הרך","5","פיקוח מוסדות חינוך","בתי ספר וגיל הרך","49","האם להטיל חובות רגולטוריות קפדניות וסנקציות על מוסדות חינוך ואנשי סגל?"
"חינוך, תרבות ודת","בתי ספר וגיל הרך","5","סבסוד מעונות יום","בתי ספר וגיל הרך","40","האם על המדינה להרחיב את חוקי החינוך והפיקוח לגיל הרך ולסבסד מעונות וימי לימוד ארוכים?"
"חינוך, תרבות ודת","בתי ספר וגיל הרך","5","תוכניות חברתיות בחינוך","בתי ספר וגיל הרך","34","האם על המדינה להרחיב את המענים והתוכניות החברתיות-כלכליות במוסדות החינוך?"
"חינוך, תרבות ודת","בתי ספר וגיל הרך","5","לימודי ליבה","בתי ספר וגיל הרך","30","האם לחייב את כל מוסדות החינוך הממומנים על ידי המדינה ללמד לימודי ליבה?"
"חינוך, תרבות ודת","בתי ספר וגיל הרך","5","תקצוב מוסדות חינוך","בתי ספר וגיל הרך","12","האם יש להתנות תקצוב מוסדות חינוך בעמידה ביעדים לאומיים ובהנפת סמלי המדינה?"
"ביטחון, חוץ ויחסי ישראל–פלסטינים","תנאי מילואים וצבא","5","הטבות לחיילי מילואים","צה״ל, שירות ביטחון ומילואים","65","האם יש להתנות מתן הטבות והקלות מטעם המדינה במילוי חובות שירות ביטחוני?"
"ביטחון, חוץ ויחסי ישראל–פלסטינים","תנאי מילואים וצבא","5","תגמול משרתי מילואים","צה״ל, שירות ביטחון ומילואים","49","האם יש לספק תגמול כלכלי מוגדל והגנה נרחבת על פרנסתם של משרתי המילואים ובני משפחותיהם?"
"ביטחון, חוץ ויחסי ישראל–פלסטינים","תנאי מילואים וצבא","5","זכויות נכי צה״ל","צה״ל, שירות ביטחון ומילואים","35","האם להרחיב משמעותית את מעטפת הזכויות, התמיכה וההכרה למשפחות חללים, נכי צהל ומשרתי מילואים?"
"ביטחון, חוץ ויחסי ישראל–פלסטינים","תנאי מילואים וצבא","5","חסינות משפטית לחיילים","צה״ל, שירות ביטחון ומילואים","9","האם להעניק לחיילים וללוחמים חסינות והגנה רבה יותר מפני חקירות והליכים משפטיים?"
"ביטחון, חוץ ויחסי ישראל–פלסטינים","תנאי מילואים וצבא","5","גיוס חובה לצה״ל","צה״ל, שירות ביטחון ומילואים","7","האם להרחיב את חובת השירות והגיוס לצה״ל על אוכלוסיות נוספות?"
"כלכלה, מיסים ויוקר המחיה","בנקים ואשראי","4","מערכת פיננסית","בנקאות, אשראי ושוק ההון","99","האם יש להגביר את הפיקוח והרגולציה על המערכת הפיננסית כדי להגן על הצרכנים?"
"כלכלה, מיסים ויוקר המחיה","בנקים ואשראי","4","פיקוח על הבנקים","בנקאות, אשראי ושוק ההון","47","האם על המדינה להתערב בריביות, בעמלות וברווחי הבנקים כדי להגן על הצרכנים?"
"כלכלה, מיסים ויוקר המחיה","בנקים ואשראי","4","אשראי לאוכלוסיות מוחלשות","בנקאות, אשראי ושוק ההון","11","האם על המדינה להתערב כדי להנגיש שירותים פיננסיים ואשראי לאוכלוסיות מוחלשות ועסקים קטנים?"
"כלכלה, מיסים ויוקר המחיה","בנקים ואשראי","4","רגולציה פיננסית סביבתית","בנקאות, אשראי ושוק ההון","5","האם להטיל חובות רגולטוריות חדשות על גופים פיננסיים וחברות כדי לקדם מטרות חברתיות וסביבתיות?"
"בריאות ורווחה","משפחות וילדים","5","סיוע למשפחות עובדות","ילדים, משפחות והורות","96","האם יש לתת עדיפות להרחבת הסיוע הכלכלי והרווחתי למשפחות ולהורים עובדים?"
"בריאות ורווחה","משפחות וילדים","5","פיקוח על הורים","ילדים, משפחות והורות","34","האם להחמיר את הפיקוח והמגבלות על הורים ואפוטרופסים במצבי סיכון ומשפחה מורכבים?"
"בריאות ורווחה","משפחות וילדים","5","תנאי אימוץ והורות","ילדים, משפחות והורות","14","האם יש לפתוח את מסגרות האימוץ וההורות המשותפת לכל אדם ללא תלות במבנה משפחתי מסורתי?"
"בריאות ורווחה","משפחות וילדים","5","גירושין אזרחיים","ילדים, משפחות והורות","8","האם יש לאפשר פרידה וגירושין במסגרת אזרחית אחידה ללא תלות בערכאות דתיות?"
"בריאות ורווחה","משפחות וילדים","5","חזקת הגיל הרך","ילדים, משפחות והורות","5","האם יש לבטל את חזקת הגיל הרך כדי ליצור שוויון מלא בין אמהות לאבות בגירושין?"
"משפט, ממשל ודמוקרטיה","שלטון ומינויים בכירים","6","מינויים מקצועיים","ממשלה, שירות ציבורי ומינויים","48","האם לאפשר לשרים שליטה רבה יותר במינויים מקצועיים ובחברות ממשלתיות?"
"משפט, ממשל ודמוקרטיה","שלטון ומינויים בכירים","6","סמכויות הרשות המבצעת","ממשלה, שירות ציבורי ומינויים","40","האם יש להגביל את כוחה ושיקול דעתה של הרשות המבצעת באמצעות פיקוח והסדרה מחמירים?"
"משפט, ממשל ודמוקרטיה","שלטון ומינויים בכירים","6","הגבלת כהונת רהמ","ממשלה, שירות ציבורי ומינויים","23","האם להגביל את מספר השרים, תקופת הכהונה של ראש הממשלה ומספר הקדנציות בממשלה?"
"משפט, ממשל ודמוקרטיה","שלטון ומינויים בכירים","6","התערבות משפטית במינויים","ממשלה, שירות ציבורי ומינויים","15","האם יש לצמצם את התערבות מערכת המשפט במינויי בכירים ובשיקול דעת הממשלה והכנסת?"
"משפט, ממשל ודמוקרטיה","שלטון ומינויים בכירים","6","פיצול היועמש","ממשלה, שירות ציבורי ומינויים","6","האם יש לפצל את סמכויות הייעוץ המשפטי לממשלה ותפקיד התביעה הכללית?"
"משפט, ממשל ודמוקרטיה","שלטון ומינויים בכירים","6","כהונת נבחרי ציבור","משפט פלילי, ענישה ואכיפה","11","האם יש להגביל כעת את כהונתם של נבחרי ציבור המתמודדים עם הליכים פליליים חמורים?"
"בריאות ורווחה","קצבאות וביטוח לאומי","5","הרחבת קצבאות סוציאליות","ביטוח לאומי וקצבאות","50","האם על המדינה להרחיב באופן משמעותי את הזכאות לקצבאות והטבות סוציאליות גם במחיר הגדלת ההוצאה הציבורית?"
"בריאות ורווחה","קצבאות וביטוח לאומי","5","קצבאות ביטוח לאומי","ביטוח לאומי וקצבאות","34","האם להגדיל את קצבאות הביטוח הלאומי כדי לצמצם את העוני בקרב אוכלוסיות מוחלשות?"
"בריאות ורווחה","קצבאות וביטוח לאומי","5","קצבאות אזרחים ותקים","ביטוח לאומי וקצבאות","24","האם יש להגדיל באופן משמעותי את קצבאות האזרחים הוותיקים והבטחת ההכנסה כדי להילחם בעוני?"
"בריאות ורווחה","קצבאות וביטוח לאומי","5","שילוב עבודה וקצבאות","ביטוח לאומי וקצבאות","22","האם לאפשר לשלב עבודה ולימודים מבלי לאבד קצבאות קיום?"
"בריאות ורווחה","קצבאות וביטוח לאומי","5","התניית קצבאות בשירות","ביטוח לאומי וקצבאות","12","האם להתנות מתן קצבאות והטבות סוציאליות במילוי חובות אזרחיות ושירות למדינה?"
"ביטחון, חוץ ויחסי ישראל–פלסטינים","טרור ועורף","4","ענישה בגין טרור","טרור וביטחון פנים","64","האם להחמיר את האכיפה והענישה נגד מעורבים בטרור, תומכיו וסמליו במרחב הציבורי?"
"ביטחון, חוץ ויחסי ישראל–פלסטינים","טרור ועורף","4","רישוי כלי ירייה","נשק ורישוי כלי ירייה","36","האם יש לתת עדיפות להחמרת ההגבלות והפיקוח על נשק, או להקל על אזרחים שומרי חוק לשאת נשק להגנה עצמית?"
"ביטחון, חוץ ויחסי ישראל–פלסטינים","טרור ועורף","4","חימוש אזרחים","טרור וביטחון פנים","21","האם להרחיב את סמכויות האכיפה והחימוש של גורמים אזרחיים ומקומיים לחיזוק הביטחון?"
"ביטחון, חוץ ויחסי ישראל–פלסטינים","טרור ועורף","4","זכויות נפגעי טרור","טרור וביטחון פנים","15","האם לתת עדיפות לזכויות ולצרכים של נפגעי טרור בהליכים משפטיים ובפיצויים?"
"משפט, ממשל ודמוקרטיה","הכנסת וחקיקה","5","פיקוח פרלמנטרי","הכנסת והליך החקיקה","65","האם יש להעניק לכנסת סמכויות אכיפה ופיקוח רחבות יותר על הרשות המבצעת?"
"משפט, ממשל ודמוקרטיה","הכנסת וחקיקה","5","יציבות הכנסת והממשלה","הכנסת והליך החקיקה","31","האם לחזק את יציבות הכנסת והממשלה באמצעות הקשחת תנאי פיזור והדחה?"
"משפט, ממשל ודמוקרטיה","הכנסת וחקיקה","5","הליך החקיקה","הכנסת והליך החקיקה","11","האם יש לחזק את הפיקוח הפרלמנטרי של הכנסת על הרשות המבצעת וגופי הממשל?"
"משפט, ממשל ודמוקרטיה","הכנסת וחקיקה","5","חסינות חברי הכנסת","הכנסת והליך החקיקה","8","האם יש להעניק לחברי הכנסת חסינות רחבה מפני חקירות והליכים משפטיים כדי להגן על עצמאות עבודתם?"
"משפט, ממשל ודמוקרטיה","הכנסת וחקיקה","5","פיקוח נבחרי ציבור","הכנסת והליך החקיקה","7","האם יש לחזק את מעורבות ופיקוח נבחרי הציבור על מוסדות המדינה והמינויים, או להרחיב את שיקול הדעת המקצועי של הגורמים המשפטיים והמקצועיים?"
"חינוך, תרבות ודת","השכלה גבוהה","5","פיקוח השכלה גבוהה","השכלה גבוהה והכשרה מקצועית","35","האם על המדינה להגדיל את המעורבות והפיקוח על מוסדות ההשכלה הגבוהה וההכשרה המקצועית?"
"חינוך, תרבות ודת","השכלה גבוהה","5","הטבות מילואים לסטודנטים","השכלה גבוהה והכשרה מקצועית","30","האם לתת עדיפות והטבות לסטודנטים המשרתים במילואים ובכוחות הביטחון?"
"חינוך, תרבות ודת","השכלה גבוהה","5","אקדמיה בפריפריה","השכלה גבוהה והכשרה מקצועית","18","האם על המדינה להשקיע משאבים מיוחדים בהקמת מוסדות אקדמיים ופקולטות חדשות בפריפריה?"
"חינוך, תרבות ודת","השכלה גבוהה","5","סבסוד שכר לימוד","השכלה גבוהה והכשרה מקצועית","12","האם יש לתת עדיפות לסבסוד והקלות כלכליות לסטודנטים ולאוכלוסיות ספציפיות כדי לצמצם פערים?"
"חינוך, תרבות ודת","השכלה גבוהה","5","פעילות פוליטית באוניברסיטאות","השכלה גבוהה והכשרה מקצועית","9","האם על המדינה להטיל סנקציות ולשלול תקציבים ממוסדות אקדמיים המאפשרים פעילות פוליטית קיצונית או תמיכה בטרור?"
"סביבה, חקלאות ושלטון מקומי","שלטון מקומי וארנונה","5","פטור מארנונה","רשויות מקומיות וממשל מקומי","37","האם להרחיב את ההקלות הכלכליות והפטורים מארנונה לאוכלוסיות נוספות ולעסקים נפגעים?"
"סביבה, חקלאות ושלטון מקומי","שלטון מקומי וארנונה","5","אוטונומיה לרשויות המקומיות","רשויות מקומיות וממשל מקומי","33","האם לאפשר לרשויות מקומיות מרחב פעולה עצמאי, או להחיל פיקוח ואחידות ארצית?"
"סביבה, חקלאות ושלטון מקומי","שלטון מקומי וארנונה","5","סיוע כלכלי לרשויות","רשויות מקומיות וממשל מקומי","16","האם יש לתת עדיפות לסיוע כלכלי ממשלתי ישיר לרשויות מקומיות מוחלשות כדי לצמצם פערים?"
"סביבה, חקלאות ושלטון מקומי","שלטון מקומי וארנונה","5","הדחת ראשי רשויות","רשויות מקומיות וממשל מקומי","10","האם לאפשר הדחה של ראשי רשויות ופעילי ציבור מקומיים הפועלים נגד המדינה?"
"סביבה, חקלאות ושלטון מקומי","שלטון מקומי וארנונה","5","כהונת ראשי רשויות","רשויות מקומיות וממשל מקומי","8","האם יש להגביל את כוחם וכהונתם של נבחרי ציבור בשלטון המקומי?"
"כלכלה, מיסים ויוקר המחיה","עסקים ותחרות במשק","4","רגולציה על עסקים","עסקים, חברות ורגולציה","73","האם להטיל רגולציה קפדנית ופיקוח ממשלתי על עסקים כדי להגן על הציבור, או לצמצם את הנטל הבירוקרטי והרגולטורי כדי לעודד פעילות עסקית?"
"כלכלה, מיסים ויוקר המחיה","עסקים ותחרות במשק","4","חברות ממשלתיות","עסקים, חברות ורגולציה","10","האם יש לתת עדיפות לשיקולים עסקיים ויעילות כלכלית בפעילות חברות ממשלתיות על פני יעדים לאומיים וגיאוגרפיים?"
"כלכלה, מיסים ויוקר המחיה","עסקים ותחרות במשק","4","פיקוח על עסקים","סחר, תעשייה, יבוא ותיירות","7","האם על המדינה להתערב ולהטיל מגבלות רגולטוריות ופיקוח מחמיר על פעילות עסקים, תעשייה ומסחר?"
"כלכלה, מיסים ויוקר המחיה","עסקים ותחרות במשק","4","תחרות במשק","עסקים, חברות ורגולציה","6","האם יש לתת עדיפות לעסקים קטנים ולקדם רגולציה ממשלתית לשם עידוד תחרות במשק?"
"בריאות ורווחה","אנשים עם מוגבלות","5","קצבאות נכות ונגישות","אנשים עם מוגבלות ונגישות","30","האם על המדינה להגדיל באופן משמעותי את תקציבי הקצבאות והסבסוד לאנשים עם מוגבלות?"
"בריאות ורווחה","אנשים עם מוגבלות","5","אנשים עם מוגבלות","אנשים עם מוגבלות ונגישות","23","האם על המדינה להרחיב ולהקדים את השירותים והזכויות לאנשים עם מוגבלות על חשבון תקציבים ציבוריים?"
"בריאות ורווחה","אנשים עם מוגבלות","5","ועדות רפואיות נכות","אנשים עם מוגבלות ונגישות","22","האם יש לפשט ולהקל על תהליכי קביעת הזכויות והוועדות הרפואיות לאנשים עם מוגבלות?"
"בריאות ורווחה","אנשים עם מוגבלות","5","נגישות שירותי דיגיטל","אנשים עם מוגבלות ונגישות","10","האם לחייב עסקים ומוסדות ציבור בהנגשה מלאה של שירותים דיגיטליים ומוקד-טלפוני לאנשים עם מוגבלות?"
"בריאות ורווחה","אנשים עם מוגבלות","5","הנגשה ותמיכה לנכים","אנשים עם מוגבלות ונגישות","9","האם על המדינה להרחיב באופן משמעותי את חובות ההנגשה והתמיכה הכלכלית לאוכלוסיות מוחלשות?"
"חינוך, תרבות ודת","תרבות ומורשת","2","הנצחה ממלכתית","תרבות, מורשת והנצחה","79","האם על המדינה להקים ולממן גופים ואירועי הנצחה ממלכתיים ייעודיים למורשת קבוצות שונות?"
"חינוך, תרבות ודת","תרבות ומורשת","2","נרטיב לאומי ותרבותי","תרבות, מורשת והנצחה","14","האם יש לתת עדיפות לחיזוק נרטיב לאומי אחיד במרחב הציבורי או להכרה בנרטיבים ותרבויות מגוונות?"
"דיור, תחבורה ותשתיות","תכנון ובנייה","3","אכיפת עבירות בניה","תכנון, בנייה והתחדשות עירונית","46","האם לתת עדיפות לאכיפה מחמירה נגד עבירות בנייה וקידום תשתיות לאומיות או להקל באכיפה ולאפשר הסדרה תכנונית באזורים חסרי תוכניות?"
"דיור, תחבורה ותשתיות","תכנון ובנייה","3","הליכי תכנון ובנייה","תכנון, בנייה והתחדשות עירונית","34","האם יש לצמצם הליכי בירוקרטיה ותכנון כדי לזרז בנייה, מיגון והתחדשות עירונית?"
"דיור, תחבורה ותשתיות","תכנון ובנייה","3","שטחים פתוחים ובנייה","תכנון, בנייה והתחדשות עירונית","8","האם יש לתת עדיפות להרחבת בנייה ופיתוח עירוני או לשמירה על שטחים פתוחים וחקלאיים?"
"כלכלה, מיסים ויוקר המחיה","תקציבים ומענקים","3","תקציבים ומענקים ישירים","תקציב, מענקים וסיוע כלכלי","58","האם המדינה צריכה להגדיל את התקציבים והמענקים הישירים לאוכלוסיות וענפים במצוקה?"
"כלכלה, מיסים ויוקר המחיה","תקציבים ומענקים","3","התניית תקציבים ממשלתיים","תקציב, מענקים וסיוע כלכלי","16","האם המדינה צריכה להתנות או למנוע תקציבים ממשלתיים מגופים ומוסדות ציבור בשל התנהלותם?"
"כלכלה, מיסים ויוקר המחיה","תקציבים ומענקים","3","תקציבים ממשלתיים","תקציב, מענקים וסיוע כלכלי","13","האם יש לתעדף הקצאת תקציבים ממשלתיים לפי צרכים חברתיים ממוקדים או לשמור על גמישות וניהול רוחבי?"
"עבודה, זכויות ושוויון","שוויון ומאבק בהפליה","2","העדפה מתקנת","שוויון ואיסור הפליה","63","האם יש לחייב בחקיקה מתן העדפה מתקנת ומכסות ייצוג לקבוצות שונות בגופים ציבוריים?"
"עבודה, זכויות ושוויון","שוויון ומאבק בהפליה","2","אכיפת איסור הפליה","שוויון ואיסור הפליה","20","האם יש להחמיר את האכיפה והענישה נגד גורמים המפלים במוצרים, שירותים ומקומות ציבוריים?"
"משפט, ממשל ודמוקרטיה","מערכת המשפט ושופטים","4","מינוי שופטים","מערכת המשפט ובתי המשפט","27","האם יש לתת לנבחרי ציבור שליטה רבה יותר במינוי שופטים?"
"משפט, ממשל ודמוקרטיה","מערכת המשפט ושופטים","4","גמישות משפטית ואכיפה","מערכת המשפט ובתי המשפט","21","האם יש לתת עדיפות לגמישות משפטית ומענה למקרים פרטניים על פני אכיפה נוקשה וכללים אחידים?"
"משפט, ממשל ודמוקרטיה","מערכת המשפט ושופטים","4","שקיפות מערכת המשפט","מערכת המשפט ובתי המשפט","20","האם לתת עדיפות לשקיפות ופתיחות לציבור במערכת המשפט או לשיקולים של יעילות וניהול פנימי?"
"משפט, ממשל ודמוקרטיה","מערכת המשפט ושופטים","4","שיטת מינוי שופטים","מערכת המשפט ובתי המשפט","8","האם יש לשנות את שיטת מינוי השופטים ובכירים במערכת המשפט כדי לחזק את הגיוון והאמון הציבורי?"
"משפט, ממשל ודמוקרטיה","חוקה וזכויות יסוד","5","ביטול חוקים בבג״ץ","חוקה, חוקי יסוד וביקורת שיפוטית","30","האם יש להגביל את סמכות בית המשפט לבטל חוקים ולהבטיח את עליונות הכנסת?"
"משפט, ממשל ודמוקרטיה","חוקה וזכויות יסוד","5","כינון חוקה","חוקה, חוקי יסוד וביקורת שיפוטית","15","האם יש לכונן חוקה רשמית ולקבוע בה חוקי יסוד מקיפים לזכויות ולערכי המדינה?"
"משפט, ממשל ודמוקרטיה","חוקה וזכויות יסוד","5","עיגון עקרון השוויון","חוקה, חוקי יסוד וביקורת שיפוטית","13","האם יש לעגן בחוקי היסוד את עקרון השוויון ואת ערכי מגילת העצמאות?"
"משפט, ממשל ודמוקרטיה","חוקה וזכויות יסוד","5","רוב לחוקי יסוד","חוקה, חוקי יסוד וביקורת שיפוטית","9","האם יש לחייב רוב מיוחס בכנסת כדי לשנות חוקי יסוד וערכי יסוד?"
"משפט, ממשל ודמוקרטיה","חוקה וזכויות יסוד","5","התערבות בהחלטות ממשל","חוקה, חוקי יסוד וביקורת שיפוטית","7","האם יש להגביל את סמכותו של בית המשפט להתערב בחקיקה ובהחלטות ממשל?"
"דיור, תחבורה ותשתיות","נהיגה ותחבורה פרטית","5","מחירי חניה","כבישים, רכב ובטיחות בדרכים","32","האם יש להטיל פיקוח ממשלתי והגבלות על מחירי חניה ושירותי רכב כדי להגן על הצרכנים?"
"דיור, תחבורה ותשתיות","נהיגה ותחבורה פרטית","5","אכיפת עבירות תנועה","כבישים, רכב ובטיחות בדרכים","19","האם להחמיר את האכיפה והענישה נגד עבירות תנועה ושימוש אסור ברכב?"
"דיור, תחבורה ותשתיות","נהיגה ותחבורה פרטית","5","עלויות אחזקת רכב","כבישים, רכב ובטיחות בדרכים","9","האם להוזיל את עלויות האחזקה, הרישוי והביטוח של כלי רכב פרטיים?"
"דיור, תחבורה ותשתיות","נהיגה ותחבורה פרטית","5","פיקוח תיקוני רכב","כבישים, רכב ובטיחות בדרכים","8","האם על המדינה להטיל פיקוח מחמיר וחובת שקיפות על תיקוני רכב, חלקי חילוף ומאגרי מידע כדי למנוע הונאות ובטיחות לקויה?"
"דיור, תחבורה ותשתיות","נהיגה ותחבורה פרטית","5","אכיפת כלים ממונעים","כבישים, רכב ובטיחות בדרכים","6","האם להחמיר את הפיקוח והאכיפה באמצעות רישום וחיוב כלים ממונעים קלים?"
"סביבה, חקלאות ושלטון מקומי","חקלאות ומזון","1","שוק החקלאות והמזון","חקלאות ומשק מזון","68","האם על המדינה להתערב בשוק החקלאות והמזון כדי להבטיח ביטחון תזונתי ופיקוח, או להסיר מגבלות וליצור שוק חופשי?"
"עבודה, זכויות ושוויון","זכויות נשים ומגדר","4","מכסות ייצוג לנשים","נשים ומגדר","27","האם על המדינה לחייב מכסות ייצוג והעדפה מתקנת לנשים בגופים ציבוריים ופוליטיים?"
"עבודה, זכויות ושוויון","זכויות נשים ומגדר","4","שוויון מגדרי","נשים ומגדר","18","האם על המדינה לחייב מדיניות פעילה לקידום שוויון מגדרי וצמצום פערים?"
"עבודה, זכויות ושוויון","זכויות נשים ומגדר","4","מניעת הטרדות מיניות","נשים ומגדר","17","האם על המדינה להרחיב את ההגנה המשפטית, האכיפה והאחריות המוסדית למניעת הטרדות מיניות ואלימות?"
"עבודה, זכויות ושוויון","זכויות נשים ומגדר","4","הפרדה מגדרית","נשים ומגדר","5","האם לאפשר קיומן של במסגרות נפרדות למגדרים שונים במוסדות ציבוריים והשכלה גבוהה?"
"בריאות ורווחה","זקנה וסיעוד","2","בירוקרטיה וזכויות קשישים","קשישים וסיעוד","49","האם יש להפחית את הנטל הבירוקרטי והכלכלי על קשישים באמצעות מתן הקלות והרחבת זכויות אוטומטיות?"
"בריאות ורווחה","זקנה וסיעוד","2","שירותי קשישים","קשישים וסיעוד","14","האם להטיל הגבלות ופיקוח קפדניים על גופים ונותני שירותים הפועלים מול קשישים?"
"חינוך, תרבות ודת","דת ומעמד אישי","5","נישואين אזרחיים","דת, רבנות ומעמד אישי","18","האם לאפשר מסלול נישואין וגירושין אזרחי לצד המערכת הדתית הקיימת?"
"חינוך, תרבות ודת","דת ומעמד אישי","5","שירותי דת ממלכתיים","דת, רבנות ומעמד אישי","15","האם יש להרחיב ולהנגיש את שירותי הדת הממלכתיים (כגון גיור וכשרות) או לשמור על ריכוזיות ופיקוח הלכתי מחמיר?"
"חינוך, תרבות ודת","דת ומעמד אישי","5","תחרות בשוק הכשרות","דת, רבנות ומעמד אישי","11","האם לפתוח את שוק הכשרות לתחרות או לשמור על פיקוח מרכזי של הרבנות הראשית?"
"חינוך, תרבות ודת","דת ומעמד אישי","5","שירותי דת","דת, רבנות ומעמד אישי","9","האם על שירותי הדת הממלכתיים להיות אחידים באחריות המדינה או באחריות השלטון המקומי?"
"חינוך, תרבות ודת","דת ומעמד אישי","5","סרבנות גט","דת, רבנות ומעמד אישי","6","האם לחייב הסכמים והליכים משפטיים למניעת סרבנות גט ומצבי עיגון?"
"דיור, תחבורה ותשתיות","מחירי דיור ומשכנתאות","2","סבסוד משכנתאות ודיור","דיור, שכירות ומשכנתאות","40","האם על המדינה לסבסד את עלויות הדיור והמשכנתאות לכלל מחוסרי הדירה או למקד את המשאבים בקבוצות זכאות ספציפיות?"
"דיור, תחבורה ותשתיות","מחירי דיור ומשכנתאות","2","מחירי הדיור","דיור, שכירות ומשכנתאות","15","האם על המדינה להתערב בשוק הדיור באמצעות הגבלות ומיסים כדי להוריד מחירים, או לעודד שוק חופשי והסרת חסמים?"
"חינוך, תרבות ודת","זהות וקהילות","3","גופים ממשלתיים ייעודיים","שפה, זהות וקהילות","27","האם להקים גופים ומנגנונים ממשלתיים ייעודיים לטיפול באתגרים חברתיים ולאומיים?"
"חינוך, תרבות ודת","זהות וקהילות","3","התניית הטבות בשירות","שפה, זהות וקהילות","13","האם להתנות מתן הטבות ותמיכות מדינה בשירות בפועל למען החברה?"
"חינוך, תרבות ודת","זהות וקהילות","3","זהויות ותרבויות","שפה, זהות וקהילות","13","האם יש לתת עדיפות לחיזוק השפות, התרבויות והזהויות של קבוצות שונות בחברה הישראלית?"
"בריאות ורווחה","בריאות הנפש","2","אוטונומיה למתמודדי נפש","בריאות הנפש","28","האם יש לחזק את זכויותיהם ואוטונומיותם של מתמודדי נפש מול המערכת הטיפולית והמשפטית?"
"בריאות ורווחה","בריאות הנפש","2","תקציבי בריאות הנפש","בריאות הנפש","23","האם על המדינה להרחיב באופן משמעותי את תקציבי בריאות הנפש והמעטפת הטיפולית בקהילה ובמסגרות האשפוז?"
"עבודה, זכויות ושוויון","הגירה ומעמד אזרחי","2","איחוד משפחות","הגירה, אזרחות ומעמד","32","האם לאפשר מתן מעמד ואזרחות למהגרים ולבני משפחה במסגרת איחוד משפחות?"
"עבודה, זכויות ושוויון","הגירה ומעמד אזרחי","2","הגירה ומבקשי מקלט","הגירה, אזרחות ומעמד","13","האם יש להחמיר את התנאים והמגבלות על מהגרים, מבקשי מקלט ושוהים זרים?"
"ביטחון, חוץ ויחסי ישראל–פלסטינים","התיישבות וריבונות","1","החלת ריבונות ביו״ש","יהודה ושומרון, ריבונות והתיישבות","44","האם יש להחיל את הריבונות והחוק הישראלי על שטחים ביהודה ושומרון?"
"סביבה, חקלאות ושלטון מקומי","דיור ומקרקעין","2","פיתוח קרקעות וקניין","מקרקעין ושטחים פתוחים","35","האם יש לתת עדיפות להסדרה מהירה ופיתוח קרקעות באזורי עדיפות ובשמירה על זכויות קניין ותיקות?"
"סביבה, חקלאות ושלטון מקומי","דיור ומקרקעין","2","החלטות בבית משותף","מקרקעין ושטחים פתוחים","8","האם לאפשר לרוב דיירים בבית משותף לקבל החלטות ניהוליות ותשתיות מבלי להידרש להסכמת כולם?"
"סביבה, חקלאות ושלטון מקומי","סביבה ואקלים","3","רגולציה סביבתית","סביבה ואקלים","25","האם יש לתת עדיפות עליונה לשיקולים סביבתיים ורגולציה מחייבת על פני שיקולים כלכליים ונוחות?"
"סביבה, חקלאות ושלטון מקומי","סביבה ואקלים","3","אגרות משאבי טבע","טבע, גנים, חופים ומשאבי טבע","11","האם יש להטיל פיקוח הדוק ואגרות מוסדרות על השימוש במשאבי טבע ובאתרים ציבוריים?"
"סביבה, חקלאות ושלטון מקומי","סביבה ואקלים","3","אכיפת עבירות פסולת","פסולת, ניקיון ומיחזור","7","האם יש להטיל קנסות כבדים ואכיפה מנהלית נוקשה נגד עבירות פסולת ופשיעה סביבתית?"
"משפט, ממשל ודמוקרטיה","שקיפות ציבורית","1","שקיפות גופים ציבוריים","שקיפות, מידע ציבורי ואתיקה","42","האם להרחיב חובות שקיפות וגילוי מידע על גופים ציבוריים ועסקיים?"
"בריאות ורווחה","שיקום ואיבה","1","פיצויים לנפגעי איבה","שכול, נפגעי איבה ושיקום","42","האם יש להרחיב באופן משמעותי את מעטפת הזכויות, התמיכה והפיצויים לנפגעי עבירה, איבה ושכול?"
"חינוך, תרבות ודת","תקשורת ושידור","3","מימון שוק התקשורת","תקשורת ושידור","31","האם יש לצמצם את המעורבות הממשלתית והמימון הציבורי בשוק התקשורת לטובת תחרות חופשית?"
"חינוך, תרבות ודת","תקשורת ושידור","3","גישה לנתוני תקשורת","תקשורת ושידור","6","האם לאפשר לגורמי אכיפה גישה רחבה לנתוני תקשורת וחומרי חקירה כדי להילחם בפשיעה?"
"חינוך, תרבות ודת","תקשורת ושידור","3","שידורי תקשורת זרים","תקשורת ושידור","5","האם יש להעניק לרשויות המדינה כלים רחבים למניעת שידורי גופי תקשורת זרים?"
"דיור, תחבורה ותשתיות","תחבורה ציבורית","2","פיקוח תחבורה ציבורית","תחבורה ציבורית","27","האם להגביר את הפיקוח הממשלתי והאכיפה על מפעילי התחבורה הציבורית?"
"דיור, תחבורה ותשתיות","תחבורה ציבורית","2","תחבורה ציבורית בשבת","תחבורה ציבורית","14","האם לאפשר הפעלת תחבורה ציבורית ופתיחת נתיבים ייעודיים בשבת?"
"סביבה, חקלאות ושלטון מקומי","הגנה על בעלי חיים","2","סבל בעלי חיים","בעלי חיים","30","האם יש להחמיר את ההגבלה בחוק על פרקטיקות ופעולות הגורמות סבל לבעלי חיים?"
"סביבה, חקלאות ושלטון מקומי","הגנה על בעלי חיים","2","בעלי חיים","בעלי חיים","8","האם להרחיב ולהחמיר את סמכויות הפיקוח וההגנה על זכויות בעלי חיים?"
"עבודה, זכויות ושוויון","פרטיות ואבטחת מידע","3","אכיפה ופרטיות","פרטיות, מידע וזכויות דיגיטליות","27","האם יש לתת עדיפות עליונה להרחבת סמכויות האכיפה והביטחון על פני ההגנה על הפרטיות?"
"עבודה, זכויות ושוויון","פרטיות ואבטחת מידע","3","איסוף מידע אישי","פרטיות, מידע וזכויות דיגיטליות","5","האם יש לאפשר איסוף וריכוז מידע אישי על ידי רשויות המדינה לצרכי פיקוח ואכיפה?"
"עבודה, זכויות ושוויון","פרטיות ואבטחת מידע","3","מצלמות פיקוח במסגרות","פרטיות, מידע וזכויות דיגיטליות","5","האם לאפשר התקנת מצלמות פיקוח במסגרות טיפוליות ורפואיות כדי להגן על חסרי פניות?"
"ביטחון, חוץ ויחסי ישראל–פלסטינים","פלסטינים עזה וחטופים","3","קשרים עם הרשות","הרשות הפלסטינית, עזה וחטופים","23","האם יש לנתק את הקשרים הכלכליים והכספיים עם הרשות הפלסטינית?"
"ביטחון, חוץ ויחסי ישראל–פלסטינים","פלסטינים עזה וחטופים","3","עידוד הגירה ועזה","הרשות הפלסטינית, עזה וחטופים","8","האם על ישראל לנקוט צעדים של עידוד הגירה ושינוי שליטה באזורי עזה והרשות הפלסטינית?"
"ביטחון, חוץ ויחסי ישראל–פלסטינים","פלסטינים עזה וחטופים","3","תנאי כליאה ועסקאות","הרשות הפלסטינית, עזה וחטופים","6","האם על ישראל להגביל בחוק עסקאות חטופים ותנאי כליאה כדי למנוע תמריצים לטרור?"
"דיור, תחבורה ותשתיות","חשמל ואנרגיה","2","ניתוק חשמל","אנרגיה, חשמל וגז","19","האם יש למנוע ניתוק חשמל לאוכלוסיות במצוקה כלכלית או להקפיד על תשלום מלא כחובה?"
"דיור, תחבורה ותשתיות","חשמל ואנרגיה","2","אנרגיה מתחדשת","אנרגיה, חשמל וגז","12","האם יש לחייב מעבר לאנרגיה מתחדשת ופיתוח תשתיות ירוקות גם על חשבון עלויות נוספות?"
"דיור, תחבורה ותשתיות","מים וביוב","2","ניהול משק המים","מים וביוב","19","האם יש לאפשר לרשויות המקומיות ניהול עצמאי ורווחים במשק המים או כפוף לפיקוח מרכזי?"
"דיור, תחבורה ותשתיות","מים וביוב","2","סבסוד מחירי מים","מים וביוב","11","האם יש לסבסד את מחירי המים ולהעניק הטבות והנחות לצרכנים ולענפים מסוימים?"
"עבודה, זכויות ושוויון","הגנה על ילדים","2","הגנה משפטית לקטינים","זכויות ילדים וקטינים","22","האם יש להרחיב את ההתערבות וההגנה המשפטית על קטינים מול הרשויות והמשפחה?"
"עבודה, זכויות ושוויון","הגנה על ילדים","2","הגנה על קטינים","זכויות ילדים וקטינים","6","האם יש לחייב אתרי אינטרנט ורשתות חברתיות במנגנוני הגנה וחסימת תכנים כדי להגן על קטינים?"
"כלכלה, מיסים ויוקר המחיה","פנסיה וחיסכון","2","משיכת כספי פנסיה","פנסיה, חיסכון וביטוח","13","האם יש לאפשר גישה חופשית ומהירה לכספי חיסכון ארוך טווח בעת משבר, או לתעדף את עידוד החיסכון והבטחת קצבת הפנסיה?"
"כלכלה, מיסים ויוקר המחיה","פנסיה וחיסכון","2","דמי ניהול ופנסיה","פנסיה, חיסכון וביטוח","13","האם לתת עדיפות להורדת עלויות ודמי ניהול לציבור או להרחבת זכויות ורשתות ביטחון סוציאליות?"
"חינוך, תרבות ודת","ספורט","2","אכיפת ספורט","ספורט","16","האם יש להחמיר את האכיפה והפיקוח הממשלתי על גופים, אירועים וספורטאים?"
"חינוך, תרבות ודת","ספורט","2","תקציבי ספורט","ספורט","7","האם על המדינה להגדיל משמעותית את התקציבים והתמיכה הישירה בענפי וקבוצות הספורט?"
"ביטחון, חוץ ויחסי ישראל–פלסטינים","מעמד בין לאומי","2","סנקציות בינלאומיות","יחסי חוץ ומשפט בינלאומי","13","האם לאסור על גופים ישראליים לשתף פעולה עם סנקציות בינלאומיות פוגעניות נגד המדינה?"
"ביטחון, חוץ ויחסי ישראל–פלסטינים","מעמד בין לאומי","2","פעילות אונרא","יחסי חוץ ומשפט בינלאומי","7","האם לאסור לחלוטין את פעילות אונר״א בתחומי ישראל כדי למנוע טרור ולהבטיח ריבונות?"
"דיור, תחבורה ותשתיות","תעופה ותחבורה אווירית","2","פיצוי חברות תעופה","תעופה, ספנות ונמלים","10","האם להרחיב את חובות השירות והפיצוי של חברות התעופה כלפי הנוסעים?"
"דיור, תחבורה ותשתיות","תעופה ותחבורה אווירית","2","שדה תעופה בנגב","תעופה, ספנות ונמלים","7","האם יש להקים שדה תעופה בינלאומי נוסף בנגב כדי לפזר את העומס מנתבג?"
"משפט, ממשל ודמוקרטיה","בחירות ומפלגות","2","תנאי סף למפלגות","בחירות, מפלגות וייצוג פוליטי","9","האם יש להקשיח את תנאי הסף והמימון למפלגות כדי לייעל את המערכת הפוליטית?"
"משפט, ממשל ודמוקרטיה","בחירות ומפלגות","2","מעורבות מפלגות ברשויות","בחירות, מפלגות וייצוג פוליטי","5","האם לאפשר למפלגות ארציות להתערב ולתמוך במועמדים בבחירות למועצות האזוריות?"
"עבודה, זכויות ושוויון","זכויות חברתיות","1","עיגון זכויות חברתיות","זכויות אדם ואזרח","12","האם יש לעגן בחוק זכויות חברתיות ופרטניות חדשות, גם במחיר של הרחבת התערבות המדינה?"
