תחום,מספר סוגיות
"משפט פלילי",582
"רווחה",434
"דיני עבודה",245
"בריאות",241
"רווחה וביטחון סוציאלי",218
"תכנון ובנייה",194
"חינוך",166
"שלטון מקומי",146
"בריאות ורווחה",132
"משפט חוקתי",123
"מיסים",114
"צרכנות",110
"עבודה ורווחה",96
"רווחה ותעסוקה",95
"השכלה גבוהה",94
"מיסוי",94
"בנקאות ופיננסים",78
"מינהל ציבורי",74
"רווחה ובריאות",68
"משפט ציבורי",65
"חינוך ורווחה",61
"תחבורה ציבורית",59
"דיני משפחה",58
"ביטחון סוציאלי",57
"ביטחון ורווחה",55
"הוצאה לפועל",55
"משפט אזרחי",54
"משפט ציבורי ומנהלי",49
"ממשל ומינהל ציבורי",47
"משפט פלילי ואכיפת חוק",44
"ביטחון וצבא",42
"ממשל ומשפט",42
"מערכת המשפט",41
"רווחה ושירותים חברתיים",41
"בריאות הציבור",36
"תחבורה ובטיחות בדרכים",35
"ביטחון פנים",33
"תרבות ומורשת",33
"ביטחון לאומי",32
"תחבורה",32
"איכות סביבה",31
"הגנת הצרכן",29
"דיור ושיכון",28
"ממשל ומשפט ציבורי",28
"דת ומדינה",26
"השכלה גבוהה ורווחה",25
"מיסוי וכלכלה",25
"תקשורת ומדיה",25
"כלכלה ותחרות",24
"רווחה ובטחון סוציאלי",23
"זכויות נפגעי עבירה",21
"משפט ציבורי וממשל",21
"רווחה ועבודה",21
"שלטון מקומי וארנונה",21
"תעסוקה ורווחה",21
"הגירה ואזרחות",20
"חקלאות וכלכלה",20
"מיסוי מקרקעין",20
"רווחה וחינוך",20
"שירותי דת",20
"תרבות וחינוך",20
"חינוך ותרבות",19
"כלכלה ותקציב",19
"משפט פלילי וביטחון",19
"בנקאות וכלכלה",18
"שירות בתי הסוהר",18
"תחבורה ונגישות",18
"ביטחון וממשל",17
"בנקאות וצרכנות",17
"מיסים ורווחה",17
"ממשל ומשטר",17
"מסים",17
"שלטון מקומי ורווחה",17
"משפט אזרחי ונזיקין",16
"משפט חוקתי ומנהלי",16
"רווחת בעלי חיים",16
"בריאות ומשפחה",15
"הגבלים עסקיים ותחרות",15
"הגנת בעלי חיים",15
"מיסוי ורווחה",15
"תחבורה ותשתיות",15
"בריאות ורפואה",14
"דיני עבודה ורווחה",14
"משטר חוקתי",14
"משפט מנהלי וציבורי",14
"משפט צבאי",14
"משפט ציבורי ומינהלי",14
"ספורט",14
"רווחה ומשפחה",14
"שירותים פיננסיים",14
"זכויות אדם ושוויון",13
"יחסי עבודה",13
"כלכלה ומסחר",13
"ממשל תאגידי",13
"רווחה ומשפט",13
"תקציב וכלכלה",13
"ביטחון לאומי ומשפט פלילי",12
"מנהל ציבורי",12
"משפט אזרחי ומנהלי",12
"רווחה וחברה",12
"ביטחון לאומי וממשל",11
"ביטחון לאומי ותקשורת",11
"בריאות הנפש",11
"דת ופוליטיקה",11
"הגנת הפרטיות",11
"חינוך ותעסוקה",11
"ממשל וביטחון",11
"ממשל ומשפט חוקתי",11
"משפט ממשלתי",11
"פיקוח פרלמנטרי",11
"צרכנות וכלכלה",11
"צרכנות ותחבורה",11
"תקציב המדינה",11
"תקשורת וטכנולוגיה",11
"הגנת הסביבה",10
"הוצאה לפועל וגבייה",10
"כלכלה ותעשייה",10
"מעמד אישי",10
"מקצועות חופשיים",10
"מקרקעין",10
"משפט פלילי וזכויות נפגעי עבירה",10
"משפט פלילי ומנהלי",10
"צבא וביטחון",10
"רווחה הביטוח הלאומי",10
"שירות הציבורי",10
"תחבורה וצרכנות",10
"תקשורת",10
"דת ושטח ציבורי",9
"הוצאה לפועל וגביית חובות",9
"זיכרון והנצחה",9
"חדלות פירעון",9
"כלכלה ומיסוי",9
"כלכלה ועסקים",9
"מינהל ציבורי ושקיפות",9
"משטר ומשפט חוקתי",9
"משפט פלילי ואכיפה",9
"משפט פלילי וזכויות אדם",9
"משק וכלכלה",9
"קניין רוחני",9
"רווחה ובריאות ציבורית",9
"רווחה וממשל",9
"שוק ההון",9
"תחבורה ושלטון מקומי",9
"תכנון ובנייה ומקרקעין",9
"ביטחון וחברה",8
"בריאות ומיסוי",8
"דיני חברות",8
"חינוך והשכלה גבוהה",8
"חינוך ונוער",8
"משטרה ואכיפת חוק",8
"משפט חוקתי וממשל",8
"משפט מנהלי",8
"עבודה ותעסוקה",8
"צרכנות ותשתיות",8
"שלטון מקומי ומיסוי עירוני",8
"תחבורה ותעופה",8
"אכיפת חוק וביטחון פנים",7
"ביטחון ומדיניות חוץ",7
"ביטחון לאומי וזכויות אדם",7
"ביטחון לאומי ומדיניות חוץ",7
"ביטחון פנים ואכיפת חוק",7
"בריאות ודת",7
"בריאות ורגולציה מקצועית",7
"בריאות ותחבורה",7
"דיני עבודה וביטחון סוציאלי",7
"דיני ראיות",7
"הגנת הסביבה ורווחת בעלי חיים",7
"זיכרון לאומי והיסטוריה",7
"מיסוי ובריאות",7
"ממשל ורגולציה",7
"מקרקעין ודיור",7
"מקרקעין ותכנון",7
"משטר ומשפט",7
"משטר ורשויות שלטון",7
"משפחה ומעמד אישי",7
"משפט אזרחי וזכויות אדם",7
"משפט ומינהל ציבורי",7
"משפט מנהלי וכלכלי",7
"עבודה ושירות ציבורי",7
"צרכנות ותעופה",7
"צרכנות פיננסית",7
"רווחה וביטחון פנים",7
"רווחה וביטחון תזונתי",7
"רווחה ובריאות הנפש",7
"רווחה ודיור",7
"שלטון מקומי ואכיפה",7
"שלטון מקומי ותחבורה",7
"תחבורה ציבורית ונגישות",7
"אזרחות ומעמד",6
"איכות הסביבה",6
"ביטוח ופיננסים",6
"ביטחון סוציאלי ורווחה",6
"בנקאות וצרכנות פיננסית",6
"בריאות וצרכנות",6
"בריאות ורגולציה",6
"בריאות ציבורית",6
"בתי סוהר ומאסר",6
"דיור ומקרקעין",6
"דיור ונדל״ן",6
"הגנה על בעלי חיים",6
"זכויות אסירים",6
"כלכלה ופיננסים",6
"כלכלה וצרכנות",6
"כלכלה ותעסוקה",6
"מיסוי ועידוד השקעות",6
"ממשל ומינהל",6
"מקרקעין וקניין",6
"משטר ומינהל ציבורי",6
"משטר ורשויות השלטון",6
"משפט חוקתי ובחירות",6
"משפט מינהלי",6
"משפט מינהלי וציבורי",6
"משפט מנהלי ואכיפת חוק",6
"משפט מנהלי ורגולציה",6
"משפט מסחרי",6
"משפט פלילי ומינהלי",6
"משפט פלילי ורווחה",6
"עלייה וקליטה",6
"צרכנות ובנקאות",6
"צרכנות ומשפט מנהלי",6
"צרכנות ותחרות",6
"קניין ומקרקעין",6
"רווחה ונזיקין",6
"רווחה וצרכנות",6
"רווחה ושלטון מקומי",6
"רווחה כלכלית",6
"רכש ממשלתי",6
"שוק ההון וביטוח",6
"שוק ההון ובנקאות",6
"שוק ההון וחיסכון ארוך טווח",6
"שוק ההון ושירותים פיננסיים",6
"שירות ציבורי",6
"שירותים פיננסיים וביטוח",6
"שלטון מקומי ומגדר",6
"שלטון מקומי ומיסוי",6
"תקציב ומינהל ציבורי",6
"תקציב וממשל",6
"תקשורת ורגולציה",6
"איכות סביבה ושלטון מקומי",5
"אכיפת חוק",5
"אכיפת חוק ומשפט פלילי",5
"אנרגיה ותשתיות",5
"בחירות",5
"בטחון פנים",5
"ביטחון ופנים",5
"ביטחון וציבור",5
"ביטחון לאומי והגירה",5
"ביטחון לאומי וסייבר",5
"דיני ירושה",5
"דיני משפחה ובתי דין דתיים",5
"דיני עבודה ובטיחות",5
"דיני עבודה ותעסוקה",5
"הגירה וביטחון פנים",5
"הגירה ועבודה",5
"השכלה גבוהה וביטחון",5
"זיכרון לאומי והנצחה",5
"כלכלה ובנקים",5
"מיסוי ורשויות מקומיות",5
"מיסים וכלכלה",5
"ממשל ופרלמנט",5
"מרשם אוכלוסין ומעמד אישי",5
"משפחה ורווחה",5
"משפט בינלאומי ויחסי חוץ",5
"משפט מנהלי ודיוני",5
"משפט פלילי ונוער",5
"משפט ציבורי ובחירות",5
"סדר דין פלילי",5
"עבודה ומקצועות חופשיים",5
"צרכנות ומקרקעין",5
"רווחה ביטחון סוציאלי",5
"רווחה וביטוח סוציאלי",5
"רווחה ומשפט פלילי",5
"רווחה וסבסוד מעונות יום",5
"רווחה ופיצויים",5
"רישוי עסקים",5
"שלטון מקומי וכלכלה",5
"תחבורה ובריאות",5
"תחבורה וחניה",5
"תחבורה ומיסוי",5
"תעסוקה וביטחון סוציאלי",5
"תקשורת וצרכנות",5
"תקשורת ושידורים",5
"תרבות והנצחה",5
"תשתיות ואנרגיה",5
"אכיפה וענישה",4
"אכיפה מינהלית",4
"אכיפת דיני עבודה",4
"אכיפת חוק ומיסוי",4
"אנרגיה וסביבה",4
"אנרגיה וצרכנות",4
"אנרגיה ותחבורה",4
"בחרות וממשל",4
"ביטחון לאומי וזכויות חשודים",4
"ביטחון פנים ורישוי",4
"בריאות הציבור ומזון",4
"בריאות וביטחון",4
"בריאות וכלכלה",4
"בריאות וציבור",4
"בריאות ורפואת חירום",4
"דיור ונדל""ן",4
"דיור ושכירות",4
"דיני חברות והגבלים עסקיים",4
"דת ופנים",4
"השכלה גבוהה וחינוך",4
"השכלה גבוהה ופיתוח אזורי",4
"זיכרון לאומי וציבורי",4
"חינוך וביטחון",4
"טכנולוגיה ומידע",4
"כלכלה ובנקאות",4
"כלכלה וחקלאות",4
"מימון מפלגות ובחירות",4
"מינהל ציבורי ואכיפת חוק",4
"מינהל ציבורי ושירות לציבור",4
"מינהל ציבורי ותעסוקה",4
"ממשל ופוליטיקה",4
"ממשל וציבור",4
"מרשם אוכלוסין",4
"משטר ומשפטי",4
"משטרה וביטחון פנים",4
"משפט אזרחי ומסחרי",4
"משפט פלילי וממשל",4
"משפט ציבורי וזכויות אדם",4
"משפטים ומינהל ציבורי",4
"נגישות ורווחה",4
"נגישות ושוויון זכויות",4
"עבודה הרווחה",4
"עבודה ושכר",4
"צרכנות ובטיחות",4
"צרכנות ומסחר",4
"צרכנות ותיירות",4
"קניין רוחני ותחרות",4
"רווחה הביטחון הסוציאלי",4
"רווחה ובטחון ציבורי",4
"רווחה וביטחון חברתי",4
"רווחה ובריאות הציבור",4
"רווחה ודיור ציבורי",4
"רווחה והגירה",4
"רווחה וכלכלה",4
"רווחה ומדיניות חברתית",4
"רווחה ונגישות",4
"רווחה ושיקום",4
"רווחה ושיקום נכים",4
"רווחה ותשתיות",4
"שלטון מקומי ומשק המים",4
"שלטון מקומי ותקציב המדינה",4
"תחבורה ובטיחות דרכים",4
"תחבורה וביטחון",4
"תחבורה ותקשורת",4
"תעבורה ובטיחות בדרכים",4
"תעסוקה ושוויון זכויות",4
"תעסוקה ושירות ציבורי",4
"איכות הסביבה ובריאות הציבור",3
"איכות סביבה ובריאות הציבור",3
"איכות סביבה וצרכנות",3
"אכיפה וגבייה",3
"אכיפת חוק ורגולציה",3
"ביטחון",3
"ביטחון הציבור",3
"ביטחון וכלכלה",3
"ביטחון ושיקום",3
"ביטחון חוץ ומדיניות",3
"ביטחון לאומי ופיצוי נפגעי טרור",3
"ביטחון לאומי ופלילי",3
"ביטחון פנים וחירום",3
"ביטחון פנים וצבא",3
"ביטחון פנים ושירותי חירום",3
"ביקורת המדינה ומנהל ציבורי",3
"בריאות הנפש ורווחת קטינים",3
"בריאות וחינוך",3
"בריאות וחירום",3
"בריאות ומשפט פלילי",3
"בריאות ורווחה תעסוקתית",3
"בריאות ורוקחות",3
"בריאות ותעסוקה",3
"דיור",3
"דיני חברות וממשל תאגידי",3
"דיני מכרזים ושוק העבודה",3
"דיני מכרזים ותעסוקה",3
"דיני עבודה ובטיחות עבודה",3
"דת ומשפט",3
"דת ופיתוח שירותי דת",3
"הגירה ומעמד",3
"הגנת קטינים ברשת",3
"הוצאה לפועל ומשפט אזרחי",3
"השכלה גבוהה ותעסוקה",3
"זיכרון והנצחה ממלכתית",3
"זכויות אזרח ומניעת הפליה",3
"חינוך וחברה",3
"חינוך ועבודה",3
"חקלאות וביטחון פנים",3
"חקלאות ומים",3
"חקלאות ומשק המים",3
"חקלאות וסביבה",3
"יחסים בינלאומיים וביטחון",3
"ירושה ועיזבונות",3
"כלכלה ורווחה",3
"מימון מפלגות ושוויון מגדרי",3
"מינהל ציבורי וממשל",3
"מינהל ציבורי ופיקוח פרלמנטרי",3
"מינהל ציבורי ותקציב",3
"מיסוי וביטחון",3
"מיסוי וחיסכון",3
"מיסוי ורגולציה כלכלית",3
"מיסום ואכיפה כלכלית",3
"מיסים ושקיפות בין־לאומית",3
"ממשל וחוץ",3
"ממשל ורשויות מקומיות",3
"מנהל ציבורי ומשטר",3
"מסים וחיסכון ארוך טווח",3
"מסים ורווחה",3
"מעמד אישי ודיני משפחה",3
"מעמד וזהות",3
"מעמד מיעוטים וזכויות יסוד",3
"מערכת המשפט הדתי",3
"מקרקעין ותכנון ובנייה",3
"משטר ומשלחת",3
"משטר ומשפטי חוקתי",3
"משטר ופוליטיקה",3
"משטר וקונסטיטוציה",3
"משפט אזרחי ומעמד אישי",3
"משפט אזרחי וראייתי",3
"משפט ומינהל",3
"משפט מינהלי ודיוני",3
"משפט מנהלי וביטחון",3
"משפט מנהלי ונזיקין",3
"משפט מנהלי ופלילי",3
"משפט מנהלי וקניין",3
"משפט משמעתי",3
"משפט משמעתי ואכיפת חוק",3
"משפט נזיקין",3
"משפט פלילי ואזרחי",3
"משפט פלילי ואכיפה כלכלית",3
"משפט פלילי וביטחון הציבור",3
"משפט פלילי ובינלאומי",3
"משפט פלילי וטכנולוגיה",3
"משפט פלילי וכלכלי",3
"משפט פלילי ומעצרים",3
"משפט פלילי וציבורי",3
"משפט פלילי ותעבורה",3
"משפט ציבורי ואכיפת חוק",3
"משפטים",3
"משפטים וממשל",3
"מששר מנהלי ורשויות מקומיות",3
"סיוע משפטי",3
"סיוע משפטי וזכויות נפגעי עבירה",3
"סייבר ואבטחת מידע",3
"ספורט ותרבות",3
"עבודה ובטיחות",3
"פיננסים וביטוח",3
"פיצויים ואוצר המדינה",3
"פיקוח פרלמנטרי וממשל",3
"פיקוח פרלמנטרי ושקיפות",3
"פיתוח אזורי ושלטון מקומי",3
"צרכנות ואנרגיה",3
"צרכנות ומזון",3
"צרכנות ומנהל ציבורי",3
"צרכנות ומשפט אזרחי",3
"צרכנות נדל״ן",3
"צרכנות תעופה",3
"רגולציה ומנהל ציבורי",3
"רגולציה ופיקוח",3
"רגולציה ורישוי",3
"רגולציה ממשלתית",3
"רגולציה פיננסית",3
"רווחה ובטחון פנים",3
"רווחה ובטיחות פעוטות",3
"רווחה והטבות לחיילים משוחררים",3
"רווחה והשכלה גבוהה",3
"רווחה וזכויות אדם",3
"רווחה וזכויות חברתיות",3
"רווחה וזכויות נפגעי עבירה",3
"רווחה וחיילים משוחררים",3
"רווחה ומדיניות ציבורית",3
"רווחה וסיוע משפטי",3
"רווחה ופיצוי נפגעי עבירה",3
"רווחה ושירותי דת",3
"רישוי עסקים וצרכנות",3
"שוק ההון וחיסכון פנסיוני",3
"שירותי דת ושלטון מקומי",3
"שלטון מקומי ואיכות סביבה",3
"תחבורה וכלכלה",3
"תחבורה ותחרות",3
"תכנון ובנייה ושלטון מקומי",3
"תעסוקה",3
"תעסוקה וכלכלה",3
"תעסוקה ומנהל ציבורי",3
"תקציב המדינה ומינהל ציבורי",3
"תקציב ושלטון מקומי",3
"תקשורת ותרבות",3
"תשתיות ומשק המים",3
"תשתיות ושלטון מקומי",3
"תשתיות ותכנון ובנייה",3
"איכות הסביבה ובטחון ציבורי",2
"איכות סביבה והגנה על חיות בר",2
"איכות סביבה ומשאבי טבע",2
"איכות סביבה ועתודות טבע",2
"איכות סביבה ורווחת בעלי חיים",2
"איסור הלבנת הון",2
"אכיפה ורגולציה",2
"אכיפה מינהלית ורגולציה",2
"אכיפת חוק וביטחון",2
"אכיפת חוק וזכויות אזרח",2
"אכיפת חוק ומינהל ציבורי",2
"אכיפת חוק ומערכת המשפט",2
"אכיפת חוק ומשטרה",2
"אכיפת חוק וסדר ציבורי",2
"אכיפת חוק וסמכויות שלטוניות",2
"אכיפת חוק ופרטיות",2
"אנרגיה",2
"אנרגיה ובטיחות",2
"אנרגיה ובריאות",2
"אנרגיה וכלכלה",2
"אנרגיה ומשק החשמל",2
"אנרגיה ורגולציית יבוא",2
"בחירות ומימון מפלגות",2
"בחירות ושלטון מקומי",2
"בטחון ומשטר",2
"בטיחות ימית ואכיפת חוק",2
"ביטוח וכלכלה",2
"ביטוח וצרכנות פיננסית",2
"ביטוח ותעבורה",2
"ביטחון הפנים ואכיפת החוק",2
"ביטחון ובריאות נפשית",2
"ביטחון וגמלאות",2
"ביטחון ודת",2
"ביטחון וחירום",2
"ביטחון ומעמד אזרחי",2
"ביטחון ומשפט פלילי",2
"ביטחון ומשפט צבאי",2
"ביטחון ופנסיה",2
"ביטחון ורווחת חיילים",2
"ביטחון לאומי וחוץ",2
"ביטחון לאומי וחירום",2
"ביטחון לאומי וכלכלה",2
"ביטחון לאומי ומאבק בטרור",2
"ביטחון לאומי ומודיעין",2
"ביטחון לאומי ומעצר",2
"ביטחון לאומי ומשטר",2
"ביטחון לאומי ומשטר ציבורי",2
"ביטחון לאומי ומשפט מנהלי",2
"ביטחון לאומי ושיכון",2
"ביטחון סוציאלי ופיצויים",2
"ביטחון סוציאלי ותעסוקה",2
"ביטחון פנים והתגוננות אזרחית",2
"ביטחון פנים וזכויות אדם",2
"ביטחון פנים ומיגון",2
"ביטחון פנים ומשטרה",2
"ביטחון פנים ומשפט פלילי",2
"ביטחון פנים וציבורי",2
"ביטחון פנים ורישוי נשק",2
"ביטחון פנים ושלטון מקומי",2
"ביטחון ציבורי",2
"ביקורת המדינה ומערכת המשפט",2
"ביקורת מדינה ופיקוח פרלמנטרי",2
"בנקאות ומשפט",2
"בריאות הציבור ובטיחות",2
"בריאות הציבור ורגולציית מזון",2
"בריאות הציבור ותעסוקה",2
"בריאות ובטחון",2
"בריאות וביטוח",2
"בריאות ובריאות הנפש",2
"בריאות ומשפט",2
"בריאות ונפש",2
"בריאות ורגולציית מקצועות",2
"בריאות ורגולציית מקצועות רפואיים",2
"בתי סוהר ומאסרים",2
"גבייה ממשלתית ואכיפה",2
"דיור ובינוי",2
"דיור ורווחה",2
"דיני ביטוח וצרכנות",2
"דיני משפחה וירושה",2
"דיני משפחה ורווחה",2
"דיני עבודה ומשפט פלילי",2
"דיני עבודה ושוויון בעבודה",2
"דיני עבודה ושיוויון בעבודה",2
"דיני עבודה ושירות ציבורי",2
"דיני עבודה ושכר",2
"דת וגוף שלטוני",2
"דת ופיתוח מוסדי",2
"דת ופיתוח שירותים דתיים",2
"דת ושטח",2
"הגירה ואכיפת חוק",2
"הגירה ובטחון לאומי",2
"הגירה וביטחון לאומי",2
"הגירה ופליטים",2
"הגירה ופלילים",2
"הגירה ופנים",2
"הגירה ותעסוקה",2
"הגנה אזרחית",2
"הגנת הסביבה וצער בעלי חיים",2
"הגנת הפרטיות ואבטחת מידע",2
"הגנת פרטיות ומידע",2
"הנצחה ממלכתית",2
"הפללה ואכיפת חוק",2
"השכלה גבוהה וזכויות אדם",2
"השכלה גבוהה וזכויות משרתים",2
"השכלה גבוהה ומחקר",2
"השכלה גבוהה ושוויון זכויות",2
"השכלה גבוהה ותקציבים",2
"התיישבות ותשתיות",2
"זיכרון הסטורי ולאומי",2
"זיכרון הציבור והנצחה",2
"זיכרון השואה והמורשת",2
"זיכרון ומורשת",2
"זיכרון ושואה",2
"זכויות אדם ומשפט חוקתי",2
"זכויות אדם ומשפט מינהלי",2
"זכויות אזרח ואכיפת חוק",2
"זכויות אזרח ונגישות",2
"זכויות אזרח ושווויון",2
"זכויות אנשים עם מוגבלות",2
"זכויות אסירים ושירות בתי הסוהר",2
"זכויות משרتים ומנהל ציבורי",2
"זכויות עצורים ואסירים",2
"חברה ותרבות",2
"חדלות פירעון ורווחה",2
"חופש המידע",2
"חינוך ובטיחות",2
"חינוך ובריאות",2
"חינוך והכשרה מקצועית",2
"חינוך ורשויות מקומיות",2
"חקלאות וביטחון מזון",2
"חקלאות ומשאבי טבע",2
"טכנולוגיה וממשל",2
"טכנולוגיה ופרטיות",2
"טכנולוגיה ותקשורת",2
"יחסי חוץ ומשפט חוקתי",2
"כליאה ובטחון",2
"כליאה וביטחון",2
"כלכלה ומסים",2
"כלכלה ורישוי עסקים",2
"כשרות משפטית ואפוטרופסות",2
"מדיניות חוץ וביטחון",2
"מדיניות מס",2
"מדע ורפואה",2
"מורשת וזיכרון לאומי",2
"מידע ציבורי ושקיפות",2
"מימון מפלגות",2
"מינהל ציבורי והגנת פרטיות",2
"מינהל ציבורי ורגולציה",2
"מינהל ציבורי ושירותי אזרח",2
"מינהל ציבורי ושלטון מקומי",2
"מיסוי וביטחון סוציאלי",2
"מיסוי ודיור",2
"מיסוי ועידוד תעשייה",2
"מיסוי ופיננסים",2
"מיסוי ופיצויים",2
"מיסוי ושלטון מקומי",2
"מיסוי עירוני",2
"מיסים ורגולציה עסקית",2
"ממשל ודיגיטציה",2
"ממשל וטכנולוגיה",2
"ממשל ופיקוח פרלמנטרי",2
"ממשל ושיטת בחירות",2
"ממשל ושלטון",2
"ממשל ושלטון מקומי",2
"ממשל מקומי",2
"ממשל תאגידי ושירות ציבורי",2
"מנהל ציבורי ואכיפת חוק",2
"מנהל ציבורי וחקיקה",2
"מנהל ציבורי וטכנולוגיה",2
"מנהל ציבורי ומינויים",2
"מנהל ציבורי ומשילות",2
"מנהל ציבורי ורגולציה",2
"מסחר וכלכלה",2
"מסים וחיסכון פנסיוני",2
"מסים וכלכלה",2
"מסים ושוק ההון",2
"מעמד אישי וזכויות אזרחיות",2
"מעמד אישי ומשפחה",2
"מעמד וביטחון",2
"מעמד לשוני וזכויות מיעוטים",2
"מעמד מיעוטים ודת",2
"מעמד מיעוטים וזכויות חוקתיות",2
"מקרקעי ציבור ואכיפה",2
"מקרקעין ובתים משותפים",2
"מקרקעין ורגולציה",2
"מרשם אוכלוסין וזכויות נפגעי עבירה",2
"משטר ומוסדות שלטון",2
"משטר ומינהל",2
"משטר ומשפטים",2
"משטר ומשפר",2
"משפחה וקטינים",2
"משפחתי ופלילי",2
"משפט אזרחי והוצאה לפועל",2
"משפט אזרחי וכלכלה",2
"משפט אזרחי וכלכלי",2
"משפט אזרחי ופלילי",2
"משפט אזרחי וצרכנות",2
"משפט וזכויות נפגעי עבירה",2
"משפט ומשפחה",2
"משפט ופלילים",2
"משפט חוקתי והגירה",2
"משפט חוקתי וזכויות אדם",2
"משפט מינהלי וביטחוני",2
"משפט מינהלי וזכויות אדם",2
"משפט מנהלי ואכיפה",2
"משפט מנהלי וביקורת שיפוטית",2
"משפט מנהלי וגביית חובות",2
"משפט מנהלי וגישה לערכאות",2
"משפט מנהלי וזכויות אדם",2
"משפט מנהלי וזכויות דיוניות",2
"משפט מנהלי וזכויות האדם",2
"משפט מנהלי ומיסוי",2
"משפט מנהלי ומשמעתי",2
"משפט מנהלי ופיננסי",2
"משפט מנהלי ורגולציה מקצועית",2
"משפט פלילי ובטחון",2
"משפט פלילי וביטחון פנים",2
"משפט פלילי והגירה",2
"משפט פלילי והגנה על חסרי ישע",2
"משפט פלילי ומורשת",2
"משפט פלילי ומינהל ציבורי",2
"משפט פלילי וסדרי דין",2
"משפט צבאי ופלילי",2
"משפט ציבורי ומנהל ציבורי",2
"משפט ציבורי ומנהל תקין",2
"משפט ציבורי ופרלמנטרי",2
"משפטי חוקה ומינהל",2
"משפטי משמעת ומנהל ציבורי",2
"משפטים וענישה",2
"נדל""ן ודיור",2
"נדל""ן ופינוי בינוי",2
"נדל""ן וצרכנות",2
"נדל""ן ושכירות",2
"נדלן ותכנון בנייה",2
"נדל״ן וקניין",2
"נזיקין",2
"נזיקין וטרור",2
"סביבה וכלכלה",2
"סדר דין וראיות",2
"ספורט ואכיפת חוק",2
"ספורט ובריאות",2
"עבודה",2
"עבודה וגימלאות",2
"עבודה וזרים",2
"עבודה ומנהל ציבורי",2
"עבודה רווחה",2
"עבודה רווחה ובריאות",2
"עבודה רווחה וזכויות חברתיות",2
"עובדים זרים",2
"עמותות ומוסדות ללא כוונת רווח",2
"פיננסים וצרכנות",2
"פיצויים ונזיקין",2
"פיתוח אזורי",2
"פלילי וכלכלי",2
"פלילי ומנהלי",2
"פנסיה וביטוח סוציאלי",2
"צבא ביטחון ודת",2
"צרכנות וחקלאות",2
"צרכנות ושירות ציבורי",2
"צרכנות ושקיפות",2
"צרכנות ושקיפות מסחרית",2
"קניין ונדלן",2
"רגולציה ורישוי עסקים",2
"רגולציה כלכלית",2
"רגולציה של מוסדות ללא כוונת רווח",2
"רווחה ואיכות סביבה",2
"רווחה ובטיחות ילדים",2
"רווחה והבטחת הכנסה",2
"רווחה והטבות סוציאליות",2
"רווחה וזכויות קטינים",2
"רווחה וחקלאות",2
"רווחה ומילואים",2
"רווחה ומנהל ציבורי",2
"רווחה ומענקים",2
"רווחה ומשפט ציבורי",2
"רווחה ונפגעים",2
"רווחה ושיקום חטופים",2
"רווחה ושירותי חברה",2
"רווחה ושירותי ציבור",2
"רווחה ושירותים עירוניים",2
"רווחה ושירותים ציבוריים",2
"רווחה ותקציב",2
"רווחה ותקציב המדינה",2
"רווחה חברתית",2
"רווחה סוציאלית",2
"רווחה סטודנטיאלית",2
"רווחה פיננסית",2
"רישוי עסקים ובטיחות ציבורית",2
"רישוי עסקים ומסחר",2
"רישוי עסקים ותחבורה",2
"רכש ממשלתי וכלכלה",2
"רכש ממשלתי ומכרזים",2
"רכש ציבורי",2
"רכש ציבורי ומנהל תקין",2
"רכש ציבורי ותעשייה מקומית",2
"שוק Capital ודיני חברות",2
"שוק ההון והביטוח",2
"שוק ההון והסדרה פיננסית",2
"שוק ההון והשקעות",2
"שיקום אסירים",2
"שירות הציבור",2
"שירות פרישה וגמלאות",2
"שירות ציבורי וזכויות חיילים",2
"שירותי דת וקבורה",2
"שירותים פיננסיים ובנקאות",2
"שלטון מקומי וביטחון",2
"שלטון מקומי ומינהל ציבורי",2
"שלטון מקומי ומיסים",2
"שלטון מקומי ומנהל ציבורי",2
"שלטון מקומי ומקרקעין",2
"שלטון מקומי ותחבורה ציבורית",2
"שלטון מקומי ותכנון",2
"שלטון מקומי ותכנון ובנייה",2
"שלטון מקומי ותכנון חופים",2
"שלטון מקומי ותעבורה",2
"שלטון מקומי ותקצוב",2
"שלטון מקומי ותשתיות",2
"שקיפות ומינהל ציבורי",2
"שקיפות ציבורית ורגולציה של עמותות",2
"תחבורה ואיכות סביבה",2
"תחבורה ואכיפה",2
"תחבורה ורכב",2
"תחבורה ציבורית והטבות לחיילים",2
"תיירות וכלכלה",2
"תכנון ובנייה ואכיפת חוק",2
"תכנון ובנייה וממשל",2
"תכנון ובנייה וממשל מקומי",2
"תעבורה",2
"תעבורה וצרכנות",2
"תעמולת בחירות",2
"תעסוקה ומגזר ציבורי",2
"תעסוקה ופיקוח",2
"תעסוקה ופנסיה",2
"תעסוקה ושוויון בעבודה",2
"תעסוקה ושיקום",2
"תעסוקה ושירות הציבור",2
"תעסוקה ושכר",2
"תקציב המדינה ומדיניות פיסקלית",2
"תקציב ומיסוי",2
"תקציב ופיקוח פרלמנטרי",2
"תקציבים ומינהל ציבורי",2
"תקשורת ואינטרנט",2
"תקשורת ואכיפת חוק",2
"תקשורת וביטחון לאומי",2
"תקשורת והנגשה",2
"תקשורת ורגולציה כלכלית",2
"תקשורת ושקיפות",2
"תרבות",2
"תרבות וזיכרון לאומי",2
"תרבות ושפה",2
"תרבות ותקשורת",2
"תשתיות ורשויות מקומיות",2
"תשתיות ושירותים חיוניים",2
"תשתיות ושירותים ציבוריים",2
"אבטחת מידע וביטחון לאומי",1
"אגרות ותשלומים",1
"אזרחות ומעמד בישראל",1
"אזרחי ונזיקי",1
"איכות הסביבה וטבע",1
"איכות הסביבה וממשל מקומי",1
"איכות הסביבה ומפגעים",1
"איכות הסביבה ושלטון מקומי",1
"איכות סביבה ואכיפת חוק",1
"איכות סביבה וגישה למרחב הציבורי",1
"איכות סביבה והגנה על חיית הבר",1
"איכות סביבה וחירום",1
"איכות סביבה וחקלאות",1
"איכות סביבה וחקלאות ימית",1
"איכות סביבה ומורשת",1
"איכות סביבה ומשק המים",1
"איכות סביבה ופנאי",1
"איכות סביבה וקיימות",1
"איכות סביבה וקניין ציבורי",1
"איכות סביבה ורווחה דתית",1
"איכות סביבה ורכש ממשלתי",1
"איכות סביבה ותחבורה",1
"איכות סביבה ותיירות",1
"איכות סביבה ותכנון ובנייה",1
"איכות סביבה ותעשייה",1
"איכות סביבה ותשתיות",1
"אכיפה אזרחית",1
"אכיפה אזרחית וקניין רוחני",1
"אכיפה וחקירות",1
"אכיפה ומינהל ציבורי",1
"אכיפה ומשפט אזרחי",1
"אכיפה ומשפט פלילי",1
"אכיפה וענישה בדיני עבודה",1
"אכיפה וענישה מינהלית",1
"אכיפה ופיקוח פלילי",1
"אכיפה כלכלית",1
"אכיפה כלכלית ונזיקית",1
"אכיפה מינהלית וקנסות",1
"אכיפה מנהלית ופיקוח פיננסי",1
"אכיפה פיקוח ורישוי",1
"אכיפה פלילית ופיקוח",1
"אכיפה רגולטורית",1
"אכיפת גבייה ומשפט מנהלי",1
"אכיפת חוק וביטחון ציבורי",1
"אכיפת חוק וגבייה",1
"אכיפת חוק וזכויות רכוש",1
"אכיפת חוק וכלכלה",1
"אכיפת חוק ומידע",1
"אכיפת חוק ומינהל",1
"אכיפת חוק ומיסים",1
"אכיפת חוק וממשל",1
"אכיפת חוק ומנהל",1
"אכיפת חוק ומנהל ציבורי",1
"אכיפת חוק ומשפט מינהלי",1
"אכיפת חוק ועבודה",1
"אכיפת חוק ורגולציה כלכלית",1
"אכיפת חוק ותכנון ובנייה",1
"אנרגיה ורווחה",1
"אסדרה ורגולציה",1
"אסדרה ממשלתית",1
"ארכיאולוגיה ומורשת",1
"אתגרים מנהליים ומניעת ניגוד עניינים",1
"אתה משפטי ורגולציה מקצועית",1
"אתيكا ציבורית",1
"בדיקות בחירות וממשל",1
"בדיקות ושיטת בחירות",1
"בדיקות ושלטון מקומי",1
"בחינת בחירות וממשל",1
"בחירות ומוסדות שלטון",1
"בחירות וממשל",1
"בחירות ומפלגות",1
"בחרות ומשטר",1
"בטחון וזכויות אסירים",1
"בטחון וקצין משטרה",1
"בטחון וקרטיסטים",1
"בטחון וקרימינולוגיה",1
"בטחון פנים ושמירת חוק",1
"בטחון פנים ושקיפות שלטונית",1
"בטחון ציבורי ותקשורת",1
"בטיחות אש והצלה",1
"בטיחות בעבודה ורגולציית עיסוק",1
"בטיחות הציבור וסדר ציבורי",1
"בטיחות וביטחון",1
"בטיחות ותשתיות דרכים",1
"בטיחות מזון וצרכנות",1
"ביטוח ואחריות אזרחית",1
"ביטוח וניהול סיכונים",1
"ביטוח וצרכנות",1
"ביטוח ורווחה",1
"ביטוח ורכב",1
"ביטוח לאומי ובטיחות בעבודה",1
"ביטוח לאומי ומס בריאות",1
"ביטחון אזרחי ושיכון",1
"ביטחון הלאומי וטרור",1
"ביטחון הפנים",1
"ביטחון הפנים ורישוי נשק",1
"ביטחון הפנים ושלטון מקומי",1
"ביטחון הציבור ואכיפת חוק",1
"ביטחון הציבור ומאבק בטרור",1
"ביטחון ובדין",1
"ביטחון ובטיחות",1
"ביטחון ובטיחות הציבור",1
"ביטחון ובריאות",1
"ביטחון וזיכרון",1
"ביטחון וזיכרון ממלכתי",1
"ביטחון וחוץ",1
"ביטחון ומדינה",1
"ביטחון ומס",1
"ביטחון ומעמד פנים",1
"ביטחון ומעצרים",1
"ביטחון ומשטר",1
"ביטחון ומשטרה",1
"ביטחון ומשפט חוקתי",1
"ביטחון ומשפט מינהלי",1
"ביטחון ומשפט מנהלי",1
"ביטחון ומשפט ציבורי",1
"ביטחון ומשק",1
"ביטחון ועבודה",1
"ביטחון ועיטורים",1
"ביטחון ופרטיות",1
"ביטחון ורגולציה",1
"ביטחון ושיכון",1
"ביטחון ושירות בתי הסוהר",1
"ביטחון ותקציב",1
"ביטחון חברתי ותגמול משרתים",1
"ביטחון כלכלי ופיצוי נפגעים",1
"ביטחון לאומי ואכיפת חוק",1
"ביטחון לאומי וזיכרון ממלכתי",1
"ביטחון לאומי וטכנולוגיה",1
"ביטחון לאומי וטרור",1
"ביטחון לאומי ויחסי חוץ",1
"ביטחון לאומי ומינהל ציבורי",1
"ביטחון לאומי ומעמד משפטי",1
"ביטחון לאומי ומקרקעין",1
"ביטחון לאומי ומשטר מנהלי",1
"ביטחון לאומי ומשפט ציבורי",1
"ביטחון לאומי ומשפטים",1
"ביטחון לאומי ועבודה",1
"ביטחון לאומי ועורף",1
"ביטחון לאומי ופיקוח ציבורי",1
"ביטחון לאומי ופנים",1
"ביטחון לאומי וצבא",1
"ביטחון לאומי וציבורי",1
"ביטחון לאומי ורישוי",1
"ביטחון לאומי ורכש ממשלתי",1
"ביטחון לאומי ושירות ציבורי",1
"ביטחון לאומי ותעסוקה",1
"ביטחון סוציאלי ודיני מס",1
"ביטחון סוציאלי ודיני עבודה",1
"ביטחון סוציאלי וכלכלה",1
"ביטחון סוציאלי ומיסוי",1
"ביטחון סוציאלי ומנהל ציבורי",1
"ביטחון סוציאלי ומס",1
"ביטחון סוציאלי ומסים",1
"ביטחון סוציאלי ונזיקין",1
"ביטחון סוציאלי וקצבאות",1
"ביטחון סוציאלי ושוק העבודה",1
"ביטחון סוציאלי ושיקום",1
"ביטחון סוציאלי ושירות לאומי",1
"ביטחון סוציאלי ותעסוקת חיילים משוחררים",1
"ביטחון פנים וביטחון לאומי",1
"ביטחון פנים ובריאות הציבור",1
"ביטחון פנים והגנה אזרחית",1
"ביטחון פנים וסמכויות אכיפה",1
"ביטחון פנים ופנים",1
"ביטחון פנים וציבור",1
"ביטחון פנים ורווחה",1
"ביטחון פנים ושמירת הסדר הציבורי",1
"ביטחון פנים ושמירת חוק",1
"ביטחון ציבורי ואכיפת חוק",1
"ביקורת המדינה ושלטון החוק",1
"ביקורת רשויות השלטון",1
"בנקאות וביטוח",1
"בנקאות ודיור",1
"בנקאות ורגולציה פיננסית",1
"בנקאות ורישוי מקצועי",1
"בנקאות ורישוי עיסוקים",1
"בנקאות ושוק ההון",1
"בנקאות ושירותים פיננסיים",1
"בציר בחירות וממשל",1
"בציר בחירות ומשטר",1
"בריאות הנפש וזכויות קטינים",1
"בריאות הנפש ומשפט פלילי",1
"בריאות הנפש ורווחה",1
"בריאות הציבור ובטיחות מזון",1
"בריאות הציבור והגנת הצרכן",1
"בריאות הציבור ומשפט פלילי",1
"בריאות הציבור וצרכנות",1
"בריאות הציבור ורווחה",1
"בריאות הציבור ורישוי עסקים",1
"בריאות הציבור ושיקום עבריינים",1
"בריאות הציבור ותזונה",1
"בריאות הציבור ותעבורה",1
"בריאות ואיכות סביבה",1
"בריאות ובטיחות",1
"בריאות ובטיחות ציבורית",1
"בריאות וביטוח לאומי",1
"בריאות וביטחון סוציאלי",1
"בריאות ובריאות הציבור",1
"בריאות ובריאות ציבורית",1
"בריאות ודיני עבודה",1
"בריאות וזכויות נשים",1
"בריאות וזכויות רפואיות",1
"בריאות וטיפול רפואי",1
"בריאות ומידע רפואי",1
"בריאות ומימון ציבורי",1
"בריאות ומינהל ציבורי",1
"בריאות ומסים",1
"בריאות ומשק",1
"בריאות ונגישות",1
"בריאות ועבודה",1
"בריאות ופיקוח פרלמנטרי",1
"בריאות ופלילי",1
"בריאות וציון ימים ממלכתיים",1
"בריאות ורגולציה כלכלית",1
"בריאות ורגולציה עסקית",1
"בריאות ורגולציה של סמים",1
"בריאות ורגולציית ייבוא",1
"בריאות ורגולציית עיסוקים",1
"בריאות ורופאה",1
"בריאות ורישוי מזון",1
"בריאות ורפואה ציבורית",1
"בריאות ושיקום",1
"בריאות ושיקום חטופים",1
"בריאות נפש וביטחון",1
"בריאות נפש ומשפט פלילי",1
"בריאות ציבור וממשל",1
"בריאות ציבורית ורוקחות",1
"בריאות תעסוקתית וביטחון",1
"בתי דין רבניים ומינהל שיפוטי",1
"בתי משפט וזכויות נפגעי עבירה",1
"בתי סוהר",1
"בתי סוהר ואסירים",1
"בתי סוהר וזכויות אדם",1
"בתי סוהר וזכויות אסירים",1
"גביית חובות",1
"גביית חובות וקנסות",1
"גביית חובות ורשויות ציבוריות",1
"גביית חובות מנהליים",1
"גביית חובות מנהלית",1
"גביית מסים",1
"דיור ומסים",1
"דיור ומקרקעי ישראל",1
"דיור וסיוע ממשלתי",1
"דיור ותכנון בנייה",1
"דיני בחירות ומפלגות",1
"דיני בחירות ותקשורת",1
"דיני חברות וחדלות פירעון",1
"דיני חברות ותחרות",1
"דיני חוזים ומסחר",1
"דיני חוזים וצרכנות",1
"דיני מיסים ושוויון",1
"דיני מכרזים ומשרתי מילואים",1
"דיני מכרזים ורכש ציבורי",1
"דיני משפחה ואחריות הורית",1
"דיני משפחה ואכיפה",1
"דיני משפחה ודת",1
"דיני משפחה ומערכת בתי הדין הרבניים",1
"דיני משפחה ורכוש",1
"דיני נזיקין",1
"דיני עבודה וביטוח סוציאלי",1
"דיני עבודה וביטחון ציבורי",1
"דיני עבודה והגירה",1
"דיני עבודה וזכויות אדם",1
"דיני עבודה וחוזים",1
"דיני עבודה ומיסים",1
"דיני עבודה ומסחר",1
"דיני עבודה ופרטיות",1
"דיני עבודה ורגולציה",1
"דיני עבודה ושיתוף פעילות חברתית",1
"דיני עבודה ותחרות",1
"דיני עמותות ומיסוי",1
"דיני קניין רוחני",1
"דיני ראיות וקטינים",1
"דיני תאגידים",1
"דיפלומטיה ויחסי חוץ",1
"דמוגרפיה וממשל",1
"דת וטפילות",1
"דת ומשק",1
"דת ופְּנִים",1
"דת ופדינה",1
"דת ופולד",1
"דת ופזורה",1
"דת ופיתוח ממלכתי",1
"דת ופיתוח מקומות קדושים",1
"דת ופיתוח עירוני",1
"דת ופלטפורמות שיפוט דתיות",1
"דת ופליטות",1
"דת וצבא",1
"דת ורשות הציבור",1
"דת ורשות מקומית",1
"הגבלים עסקיים וריכוזיות",1
"הגירה ובקרת גבולות",1
"הגירה וזכויות אדם",1
"הגירה וזכויות פליטים",1
"הגירה וכניסה לישראל",1
"הגירה ומשפט מינהלי",1
"הגירה ומשפט מנהלי",1
"הגירה ומשפט פלילי",1
"הגירה ועבודה זרה",1
"הגנה משפטית ואכיפה",1
"הגנה על בעלי חיים ובריאות הציבור",1
"הגנה על זכויות עובדים",1
"הגנה על קטינים וחסרי ישע",1
"הגנה על קטינים ותקשורת",1
"הגנת בעלי חיים ואכיפת חוק",1
"הגנת בעלי חיים ועונשין",1
"הגנת הבעלי חיים",1
"הגנת הסביבה ובטחון",1
"הגנת הסביבה והתחרות הכלכלית",1
"הגנת הסביבה ושלטון מקומי",1
"הגנת הפרטיות ואכיפת חוק",1
"הגנת הפרטיות וזכויות קטינים",1
"הגנת הפרטיות ומידע",1
"הגנת הפרטיות וסודיות מידע",1
"הגנת הצומח ובעלי חיים",1
"הגנת הצרכן ופרסום",1
"הגנת הצרכן ושוק הדיור",1
"הגנת סייבר",1
"הגנת סייבר וביטחון",1
"הגנת פרטיות",1
"הגנת פרטיות ואבטחת מידע",1
"הגנת פרטיות ומנהל תקין",1
"הגנת קטינים ודיני ראיות",1
"הוצאה לפועל ובנקאות",1
"הוצאה לפועל ודיני חדלות פירעון",1
"הוצאה לפועל ומימוש נכסים",1
"הוצאה לפועל ושיקום אסירים",1
"הוצאת רישיונות ואשרות",1
"הוראות שעה ותחולת חקיקה",1
"הליך פלילי",1
"הנצחה וזיכרון",1
"הנצחה וזיכרון ממלכתי",1
"הנצחה ומורשת",1
"הנצחה וממלכתיות",1
"הנצחה ותרבות",1
"הנצחה זיכרון ומורשת",1
"הסגרה ומעמד גולה",1
"הסגרה ומעמד זרים",1
"הסדרה כלכלית ותחרות",1
"הסדرة כלכלית וחקלאות",1
"השכלה גבוהה ובריאות",1
"השכלה גבוהה והכשרה מקצועית",1
"השכלה גבוהה וזכויות מיעוטים",1
"השכלה גבוהה ומינהל ציבורי",1
"השכלה גבוהה וסבסוד ממשלתי",1
"השכלה גבוהה וסטודנטים",1
"השכלה גבוהה ורווחת סטודנטים",1
"השכלה גבוהה ושירות המדינה",1
"השכלה גבוהה ותקצוב ציבורי",1
"השכלה גבוהה ותקציב",1
"השכלה גבוהה ותקציב המדינה",1
"זיכרון הציבור והחינוך",1
"זיכרון והוקרה ממלכתית",1
"זיכרון לאומי",1
"זיכרון לאומי והסברה",1
"זיכרון לאומי ויחסים בינלאומיים",1
"זיכרון לאומי ומורשת",1
"זכויות אדם ובריאות הנפש",1
"זכויות אדם וזיכרון היסטורי",1
"זכויות אדם וחופש הביטוי",1
"זכויות אדם ומאסר",1
"זכויות אדם וממשל",1
"זכויות אדם ומניעת הפליה",1
"זכויות אדם ומעמד אישי",1
"זכויות אדם ומעמד חוקתי",1
"זכויות אדם ומעמד מיעוטים",1
"זכויות אדם ומערכת אכיפת החוק",1
"זכויות אדם ומערכת הכליאה",1
"זכויות אדם ומשפט ציבורי",1
"זכויות אדם וסדר ציבורי",1
"זכויות אדם ורווחה",1
"זכויות אדם ושוויונות",1
"זכויות אדם ושיוויון",1
"זכויות אזרח",1
"זכויות אזרח וממשל",1
"זכויות אזרח ומנהל ציבורי",1
"זכויות אזרח ושוויון",1
"זכויות אנשים עם מוגבלויות",1
"זכויות אסירים וייצוג משפטי",1
"זכויות אסירים ועבריינים",1
"זכויות חברתיות ומעמד חוקתי",1
"זכויות חולים",1
"זכויות חשודים",1
"זכויות חשודים ועצורים",1
"זכויות מיעוטים ומדיניות לשונית",1
"זכויות מיעוטים ומעמד חברתי",1
"זכויות מיעוטים ושירותי ציבור",1
"זכויות משרتים ושוויון",1
"זכויות נפגעי עבירה ומשפט פלילי",1
"זכויות נפגעי עבירה ורווחה",1
"זכויות עובדים ושוויון זכויות",1
"זכויות עצורים ומשפט מנהלי",1
"זכויות פוליטיות",1
"זכויות פרט ומאגר מידע",1
"זכויות תלמידים",1
"חדלות פירעון והוצאה לפועל",1
"חדלות פירעון וזכויות עובדים",1
"חדלות פירעון ומשפט אזרחי",1
"חדלות פירעון ושיקום כלכלי",1
"חוזים והקצאות מקרקעין",1
"חוזים ושירותים חיוניים",1
"חופש המידע ומינהל תקין",1
"חופש המידע ושקיפות",1
"חוץ וביטחון",1
"חינוך גבוה",1
"חינוך גבוה והשכלה",1
"חינוך גבוה ורווחה",1
"חינוך ואכיפת חוק",1
"חינוך ובטחון",1
"חינוך ובטיחות בדרכים",1
"חינוך והשכלה",1
"חינוך וזהות לאומית",1
"חינוך וזיכרון לאומי",1
"חינוך וזיכרון ממלכתי",1
"חינוך וזכויות תלמידים",1
"חינוך וטכנולוגיה",1
"חינוך ולאומיות",1
"חינוך ולוח חופשות",1
"חינוך ומינהל ציבורי",1
"חינוך ומנהל ציבורי",1
"חינוך ומשמעת עובדי מדינה",1
"חינוך ופיקוח על מוסדות חינוך",1
"חינוך ופרטיות",1
"חינוך ורגולציה",1
"חינוך ותקצוב",1
"חינוך ותקצוב ציבורי",1
"חינוך ותקציב המדינה",1
"חינוך ותקציבים",1
"חינוך ותשתיות",1
"חינוך זיכרון ותרבות",1
"חיסכון ארוך טווח",1
"חיסכון ארוך טווח ורווחה",1
"חקיקה ומדיניות כלכלית",1
"חקיקה וסטטוס משפטי",1
"חקירות פליליות",1
"חקלאות ומינהל ציבורי",1
"חקלאות ועבודה",1
"חקלאות וקרקע",1
"חקלאות וקרקעות",1
"חקלאות ורגולציה כלכלית",1
"חקלאות ורווחה",1
"חקלאות ורווחת בעלי חיים",1
"טכנולוגיה ואינטרנט",1
"טכנולוגיה וממשל זמין",1
"יחסי חוץ וביטחון",1
"יחסי חוץ וריבונות",1
"יחסי חוץ ותפוצות",1
"יחסי עבודה ושירותי חירום",1
"יחסים בינלאומיים וביטחון חוץ",1
"כליאה וביטחון פנים",1
"כליאה וזכויות עצורים",1
"כליאה ושיקום",1
"כלכלה וביטוח לאומי",1
"כלכלה ומכרזים",1
"כלכלה ומסות",1
"כלכלה ומשפטים",1
"כלכלה וסביבה",1
"כלכלה וסחר",1
"כלכלה וסיוע דיור",1
"כלכלה ועידוד השקעות",1
"כלכלה וערבויות מדינה",1
"כלכלה ופיצויים",1
"כלכלה ורגולציה",1
"כלכלה ותחבורה",1
"כלכלה ותמחור",1
"כלכלה ותקשורת",1
"כניסה לישראל",1
"כספים ומשק",1
"כשרות משפטית וזכויות קטינים",1
"מאגר מידע ביומטרי",1
"מגזר ציבורי",1
"מחקר ומידע פרלמנטרי",1
"מחקר מידע וסטטיסטיקה",1
"מידע ונתונים",1
"מידע וסטטיסטיקה ציבורית",1
"מידע ציבורי ומנהלי",1
"מילואים וביטחון",1
"מים ואיכות סביבה",1
"מים וחקלאות",1
"מימון בחירות ושקיפות פוליטית",1
"מימון ומיסוי",1
"מימון מפלגות ומשפט ציבורי",1
"מימון פוליטי ובחירות",1
"מימון פוליטי ומנהל ציבורי",1
"מינהל ציבורי ואתיקה",1
"מינהל ציבורי ובחירות",1
"מינהל ציבורי וביקורת",1
"מינהל ציבורי וביקורת המדינה",1
"מינהל ציבורי וגבייה",1
"מינהל ציבורי וגביית מיסים",1
"מינהל ציבורי וזכויות אדם",1
"מינהל ציבורי וזכויות אזרח",1
"מינהל ציבורי ויחסי חוץ",1
"מינהל ציבורי ומאגר מידע",1
"מינהל ציבורי ומידע ממשלתי",1
"מינהל ציבורי ומידע פלילי",1
"מינהל ציבורי ומעמד אזרחי",1
"מינהל ציבורי ומרשם",1
"מינהל ציבורי ומשטר תאגידי",1
"מינהל ציבורי ומשפט מנהלי",1
"מינהל ציבורי וסמלי המדינה",1
"מינהל ציבורי ופיקוח שיפוטי",1
"מינהל ציבורי ורגולציה פיננסית",1
"מינהל ציבורי ושירותי מידע",1
"מינהל ציבורי ושירותי רווחה",1
"מינהל ציבורי ושלטון",1
"מינהל ציבורי ותכנון",1
"מינהל ציבורי ותקצוב",1
"מיסוי הכנסה וביטוח לאומי",1
"מיסוי ואגרות",1
"מיסוי וארנונה",1
"מיסוי וביטוח סוציאלי",1
"מיסוי וביטחון פנים",1
"מיסוי ובריאות ציבורית",1
"מיסוי וגבייה",1
"מיסוי והטבות כלכליות",1
"מיסוי וחיסכון לציבור",1
"מיסוי וחסכון",1
"מיסוי ומגזר שלישי",1
"מיסוי ומלכרים",1
"מיסוי ומנהל ציבורי",1
"מיסוי ומקרקעין",1
"מיסוי ומשק",1
"מיסוי ונדל""ן",1
"מיסוי ונדל״ן",1
"מיסוי ופיקוח פיננסי",1
"מיסוי וציבור",1
"מיסוי וצרכנות",1
"מיסוי וקניין",1
"מיסוי ורכב",1
"מיסוי ושוק ההון",1
"מיסוי ותגמול משרתי מילואים",1
"מיסוי ותעשייה",1
"מיסוי ותקציב",1
"מיסוי מוניציפלי",1
"מיסוי מוניציפלי וממשלתי",1
"מיסים ואכיפת חוק",1
"מיסים וארנונה",1
"מיסים וביטוח לאומי",1
"מיסים וביטחון סוציאלי",1
"מיסים ודיור",1
"מיסים וחינוך",1
"מיסים וחיסכון פנסיוני",1
"מיסים וחסכון פנסיוני",1
"מיסים ומשק המים",1
"מיסים ונדלן",1
"מיסים וסחר חוץ",1
"מיסים ועבודה",1
"מיסים ועידוד השקעות",1
"מיסים ופיננסים",1
"מיסים ופיצויים",1
"מיסים ושוק ההון",1
"מיסים ותעסוקה",1
"מכרזים ומינהל ציבורי",1
"ממשל וארגונים",1
"ממשל וביקורת המדינה",1
"ממשל וטקסים",1
"ממשל וייצוג מגדרי",1
"ממשל וייצוג ציבורי",1
"ממשל ומועדים רשמיים",1
"ממשל ומינויים",1
"ממשל ומשן",1
"ממשל ומשפט מינהלי",1
"ממשל ופונקציית הכנסת",1
"ממשל וציבוריות",1
"ממשל ורשויות שלטון",1
"ממשל ורשות אכיפה",1
"ממשל ותקציב",1
"ממשל מקומי ושוויון מגדרי",1
"ממשל תאגידי וחברות ממשלתיות",1
"ממשל תאגידי ומינהל ציבורי",1
"ממשל תאגידי וציבורי",1
"מנהל ציבורי ואתיקה",1
"מנהל ציבורי ודת",1
"מנהל ציבורי ומידע ממשלתי",1
"מנהל ציבורי ומינהל תקין",1
"מנהל ציבורי וממשל",1
"מנהל ציבורי ופיקוח",1
"מנהל ציבורי ופיקוח פרלמנטרי",1
"מנהל ציבורי ורגולציה מקצועית",1
"מנהל ציבורי ושוויון מגדרי",1
"מנהל ציבורי ושירות לציבור",1
"מנהל ציבורי ושירותי ממשל",1
"מנהל ציבורי ותכנון תקציבי",1
"מנהל ציבורי ותקצוב",1
"מנהל ציבורי ותקשורת",1
"מנהל תקין ומרשם",1
"מס הכנסה",1
"מסחר ורגולציה כלכלית",1
"מסים ואכיפה כלכלית",1
"מסים וחסכון",1
"מסים ורגולציה עסקית",1
"מסים ותגמול מילואים",1
"מסים ותעסוקה",1
"מעמד אזורי ואזרחות",1
"מעמד איש ודת",1
"מעמד אישי ודת ושטח",1
"מעמד אישי ומרשם אוכלוסין",1
"מעמד אישי ועלייה",1
"מעמד אישי ורישום",1
"מעמד הכנסת ופיקוח פרלמנטרי",1
"מעמד השפות",1
"מעמד ואיחוד משפחות",1
"מעמד וזרות",1
"מעמד וכניסה לישראל",1
"מעמד ותושבות",1
"מעמד לידתו ואזרחות",1
"מעמד לימוד התורה ושירות ביטחון",1
"מעמד לשונות",1
"מעמד מיעוטים וזכויות אזרח",1
"מעמד מיעוטים וזכויות דת",1
"מעמד קבוצתי ואזרחות",1
"מעצרים וביטחון",1
"מעצרים וזכויות עצורים",1
"מערכת המשפט וביקורת המדינה",1
"מערכת המשפט ורישום מקרקעין",1
"מקצוע עריכת הדין",1
"מקרקעי ישראל והטבות למשרתי מילואים",1
"מקרקעין וביטחון",1
"מקרקעין ודת",1
"מקרקעין והתיישבות",1
"מקרקעין וזכויות אדם",1
"מקרקעין וחקלאות",1
"מקרקעין ומינהל ציבורי",1
"מקרקעין ונדל""ן ציבורי",1
"מקרקעין ונדל״ן ציבורי",1
"מקרקעין וניהול שטחים",1
"מקרקעין ורגולציה עירונית",1
"מקרקעין ושוויון זכויות",1
"מקרקעין ושלטון",1
"מקרקעין ושלטון מקומי",1
"מקרקעין ושקיפות",1
"מקרקעין ושקיפות מידע",1
"מקרקעין ותגמול משרתי מילואים",1
"מקרקעין ותכנון בנייה",1
"מקרקעין ותכנון ובניה",1
"מקרקעין ותקשורת",1
"מרשם אוכלוסין ומינהל ציבורי",1
"מרשם אוכלוסין ותיעוד ממשלתי",1
"משחר מינהלי ושלטון מקומי",1
"משטר דמוקרטי ובחירות",1
"משטר וממשל",1
"משטר ומשפל חוקתי",1
"משטרה ואכיפה",1
"משטרה ובטחון פנים",1
"משטרה והפגנות",1
"משילות ותקציב",1
"משל ומינהל ציבורי",1
"משל ופיקוח פרלמנטרי",1
"משלחת רשויות והכנסת",1
"משלعي עבודה של הכנסת",1
"משמאל ומנהל ציבורי",1
"משמעת בשירות הציבורי",1
"משמעת שוטרים",1
"משנס",1
"משנסת ומשטרה",1
"משפחה",1
"משפחה וממון",1
"משפחה ושוויון מגדרי",1
"משפט אזרחי בין־לאומי",1
"משפט אזרחי ואכיפה",1
"משפט אזרחי ואפוטרופסות",1
"משפט אזרחי ובינלאומי",1
"משפט אזרחי וזכויות יסוד",1
"משפט אזרחי וחדלות פירעון",1
"משפט אזרחי וירושה",1
"משפט אזרחי ומינהלי",1
"משפט אזרחי ומנהל ציבורי",1
"משפט אזרחי ומערכת בתי הדין",1
"משפט אזרחי ומשפחה",1
"משפט אזרחי ונזיקי",1
"משפט אזרחי וסעדים",1
"משפט אזרחי ופרטיות",1
"משפט אזרחי וציבורי",1
"משפט אזרחי וקניין",1
"משפט בינלאומי וביטחון לאומי",1
"משפט בינלאומי וחסינות",1
"משפט בינלאומי וכלכלה",1
"משפט בינלאומי ומדינה",1
"משפט בינלאומי ומדיניות חוץ",1
"משפט דיוני",1
"משפט ודיוני משפחה",1
"משפט וממשל",1
"משפט ומנהל",1
"משפט ופרוצדורה",1
"משפט ורגולציה מקצועית",1
"משפט חוקתי וביטחון",1
"משפט חוקתי ודיני ראיות",1
"משפט חוקתי ויחסי חוץ",1
"משפט חוקתי ומדיניות חוץ",1
"משפט חוקתי ומעמד אישי",1
"משפט חוקתי ומעמד מיעוטים",1
"משפט כלכלי וביטחון",1
"משפט כלכלי וחדלות פירעון",1
"משפט מינהלי ובינלאומי",1
"משפט מינהלי וביקורת שיפוטית",1
"משפט מינהלי ויחסי חוץ",1
"משפט מינהלי וממשל",1
"משפט מינהלי ומשמעתי",1
"משפט מינהלי ופלילי",1
"משפט מינהלי ושלטון מקומי",1
"משפט ממשלתי ואתיקה",1
"משפט ממשלתי ובחירות",1
"משפט ממשלתי ובינלאומי",1
"משפט ממשלתי וציבורי",1
"משפט מנהלי ואסדרה",1
"משפט מנהלי וביטוח",1
"משפט מנהלי ובינלאומי",1
"משפט מנהלי ודת ודתיות",1
"משפט מנהלי וזכויות אסירים",1
"משפט מנהלי וזכויות נפגעי עבירה",1
"משפט מנהלי וזכויות סטודנטים",1
"משפט מנהלי וטוהר המידות",1
"משפט מנהלי וטכנולוגיה",1
"משפט מנהלי וייצוג משפטי",1
"משפט מנהלי וכלכלה",1
"משפט מנהלי ומידע ציבורי",1
"משפט מנהלי ומשמעת",1
"משפט מנהלי וסדר דין",1
"משפט מנהלי ועבודה",1
"משפט מנהלי ועמותות",1
"משפט מנהלי ופיצויים",1
"משפט מנהלי ופיקוח פרלמנטרי",1
"משפט מנהלי ופרטיות",1
"משפט מנהלי וראיות",1
"משפט מנהלי וראייתי",1
"משפט מנהלי ורכוש",1
"משפט מנהלי ורשויות מקומיות",1
"משפט מנהלי ושוויון",1
"משפט מנהלי ושוויון זכויות",1
"משפט מנהלי ושיפוטי",1
"משפט מנהלי ושקיפות מידע",1
"משפט מנהלי ותעבורה",1
"משפט מנהלי ותקציבי",1
"משפט מסחרי ויישוב סכסוכים",1
"משפט מסחרי ומינהלי",1
"משפט מסחרי ורגולציה תאגידית",1
"משפט מסחרי ותחרות",1
"משפט מקצועי ורגולציה",1
"משפט נזיקין ומנהלי",1
"משפט עבודה וזכויות אדם",1
"משפט עבודה ושוויון",1
"משפט פלילי ואיסור הלבנת הון",1
"משפט פלילי ואכיפת קנסות",1
"משפט פלילי ובטחון הציבור",1
"משפט פלילי ובטיחות ציבורית",1
"משפט פלילי וביטחון המדינה",1
"משפט פלילי וביטחון לאומי",1
"משפט פלילי וביקורת המדינה",1
"משפט פלילי ובריאות",1
"משפט פלילי ובריאות הנפש",1
"משפט פלילי ודיוני",1
"משפט פלילי ודיני נזיקין",1
"משפט פלילי ודיני ראיות",1
"משפט פלילי וזכויות יסוד",1
"משפט פלילי וחברה",1
"משפט פלילי וחוקתי",1
"משפט פלילי וחקירות",1
"משפט פלילי וטוהר המידות",1
"משפט פלילי וטרור",1
"משפט פלילי וכושר שיקום",1
"משפט פלילי ומאבק בטרור",1
"משפט פלילי ומימון",1
"משפט פלילי ומנהל ציבורי",1
"משפט פלילי ומעמד אישי",1
"משפט פלילי ומרשם פלילי",1
"משפט פלילי ומשפחה",1
"משפט פלילי וסדר דין פלילי",1
"משפט פלילי וסדר הדין",1
"משפט פלילי וסדר ציבורי",1
"משפט פלילי וסיוע משפטי",1
"משפט פלילי וסמכויות אכיפה",1
"משפט פלילי ועבודה",1
"משפט פלילי ועונשין",1
"משפט פלילי וענישה",1
"משפט פלילי ופיקוח פרלמנטרי",1
"משפט פלילי וצבאי",1
"משפט פלילי וראיות",1
"משפט פלילי ורגולציה",1
"משפט פלילי ורגולציה כלכלית",1
"משפט פלילי ורישוי עסקים",1
"משפט פלילי ושוויון",1
"משפט פלילי ושיקום עבריינים",1
"משפט פלילי ושלטון מקומי",1
"משפט צבאי ואזור יהודה והשומרון",1
"משפט צבאי ואזורי",1
"משפט צבאי ומנהלי",1
"משפט ציבורי ומנהל",1
"משפט ציבורי ופיצוי נפגעי טרור",1
"משפטי פלילי ואכיפת חוק",1
"משפטי-חוקתי",1
"משפטים ואכיפת חוק",1
"משפטים ודת",1
"משפטים ומנהל ציבורי",1
"משפטים ומעמד אישי",1
"משפטים ומקצועות חופשיים",1
"משפטים ופלילים",1
"משפטים ורווחה",1
"משפר פלילי",1
"משפשת פלילי ואכיפת חוק",1
"משק המים",1
"משק המים והחקלאות",1
"משק המים ותעשייה",1
"משק ותשתיות",1
"מששר מנהלי וצרכנות",1
"נגישות וזכויות אנשים עם מוגבלות",1
"נגישות ושוויון זכויות לאנשים עם מוגבלות",1
"נדל""ן ובתים משותפים",1
"נדל""ן והגנת הצרכן",1
"נדל""ן וחוזים",1
"נדל""ן ומיסוי",1
"נדל""ן ופיננסים",1
"נדל""ן וקניין",1
"נדל""ן ורווחה",1
"נדל""ן ותכנון ובנייה",1
"נדלן ומיסוי",1
"נדלן ומקרקעין",1
"נדלן וצרכנות",1
"נדל״ן וצרכנות",1
"נוער וזכויות קטינים",1
"נזיקין וביטחון סוציאלי",1
"נזיקין ומשפט מנהלי",1
"נזיקין ומשפט ציבורי",1
"ניהול חירום ובטיחות הציבור",1
"ניהול פסולת",1
"סביבה ובעלי חיים",1
"סביבה ומשאבי טבע",1
"סביבה ורווחה",1
"סביבה ותכנון בנייה",1
"סדר דין אזרחי",1
"סדר דין אזרחי ופלילי",1
"סדר דין משפטי",1
"סדר דין פלילי ואכיפת חוק",1
"סדר ציבורי ובטיחות",1
"סדר ציבורי ופולחן",1
"סדרי דין ודיני מנוחות",1
"סטטיסטיקה וממשל",1
"סטטיסטיקה ממשלתית ומידע ציבורי",1
"סיוע משפטי ונגישות לערכאות",1
"סיוע משפטי ורווחה",1
"סמכויות אכיפה",1
"סמכויות שלטוניות ואכיפת חוק",1
"סמכויות שלטוניות וחקירה",1
"ספורט וביטחון ציבור",1
"ספורט וביטחון ציבורי",1
"ספורט ובריאות הציבור",1
"ספורט וחברה",1
"ספורט ומימון ציבורי",1
"ספורט וממשל תאגידי",1
"ספורט ומשפט משמעתי",1
"ספורט וצרכנות",1
"ספורט ורגולציה",1
"ספורט ושוויון זכויות",1
"ספורט ותקציב המדינה",1
"עבודה וביטחון סוציאלי",1
"עבודה ויחסי עבודה",1
"עבודה וממשל",1
"עבודה ומשפט ציבורי",1
"עבודה ופנסיה",1
"עבודה רווחה ומשפחה",1
"עובדי מדינה",1
"עונשין",1
"עידוד השקעות הון",1
"עמותות ומלכרים",1
"עמותות ומלכ״רים",1
"עמותות ומשפט מינהלי",1
"פיננסים וחיסכון ארוך טווח",1
"פיננסים וכלכלה",1
"פיננסים ופנסיה",1
"פיצוי נפגעי עבירה ומדיניות כלכלית",1
"פיצוי נפגעי תאונות דרכים",1
"פיצויים וביטוח לאומי",1
"פיצויים ונזיקין ציבוריים",1
"פיקוח ואכיפה",1
"פיקוח ובקרה",1
"פיקוח פרלמנטרי וביטחון",1
"פיקוח פרלמנטרי ורגולטורי",1
"פיקוח פרלמנטרי ורגולציה פיננסית",1
"פיקוח פרלמנטרי ושוויון מגדרי",1
"פיקוח פרלמנטרי ושקיפות שלטונית",1
"פלילי ואכיפת חוק",1
"פלילי והגירה",1
"פלילי וראיות",1
"פלילי ורווחה",1
"פנאי וטבע",1
"פנסיה וגמלאות",1
"פנסיה וחיסכון ארוך טווח",1
"פרטיות",1
"פרטיות ואבטחת מידע",1
"פרטיות והגנה על קטינים ברשת",1
"פרטיות ומידע ממשלתי",1
"פרטיות ופיקוח",1
"צרכנות ואסדרה",1
"צרכנות ובטיחות במבנים",1
"צרכנות ובריאות",1
"צרכנות וזכויות אדם",1
"צרכנות וזכויות אזרח",1
"צרכנות ומינהל ציבורי",1
"צרכנות ומכרזים ציבוריים",1
"צרכנות ומקומות ציבוריים",1
"צרכנות ומשפט",1
"צרכנות ונגישות",1
"צרכנות ונדלן",1
"צרכנות ופיקוח מחירים",1
"צרכנות ורווחה",1
"צרכנות ותחבורה ציבורית",1
"צרכנות ותקציב המדינה",1
"צרכנות ותקשורת",1
"צרכנות מידע וסקרים",1
"קניין",1
"קניין וזכויות אדם",1
"קניין וזכויות רכושיות",1
"קניין ומיסוי מקרקעין",1
"קניין ומנהל ציבורי",1
"קניין ומשפט אזרחי",1
"קניין ופיצויים",1
"קניין ופיתוח תשתיות",1
"קניין רוחני ומשפט מינהלי",1
"קרקעות ותכנון",1
"רגולציה ומינהל ציבורי",1
"רגולציה וממשל תאגידי",1
"רגולציה ומקצועות חופשיים",1
"רגולציה ומשק",1
"רגולציה ומשק המים",1
"רגולציה ותעסוקה",1
"רגולציה ותקינה",1
"רגולציה כלכלית ומיסוי",1
"רגולציה כלכלית ועסקים",1
"רגולציה ממשלתית ורישוי",1
"רגולציה ממשלתית ותקשורת",1
"רגולציה מקצועית",1
"רגולציה עסקית",1
"רגולציה פיננסית ואכיפת חוק",1
"רגולציה פיננסית ורווחה",1
"רגולציה פיננסית ושירות הציבור",1
"רגולציית עסקים ומסחר",1
"רווחה אזורית ותקצוב",1
"רווחה ביטוח סוציאלי",1
"רווחה השלטון המקומי",1
"רווחה ואכיפה פיננסית",1
"רווחה ואנרגיה",1
"רווחה ובטחון",1
"רווחה ובטחון לאומי",1
"רווחה ובטטחון פנים",1
"רווחה וביטוח",1
"רווחה וביטוח לאומי",1
"רווחה וביטחון",1
"רווחה וביטחון לאומי",1
"רווחה ובקרת שירות ציבורי",1
"רווחה ובריאות נפש",1
"רווחה ובריאות נפשית",1
"רווחה והוצאה לפועל",1
"רווחה והטבות לחיילים",1
"רווחה והטבות לחיילים משוחררים ולמשפחות שכולות",1
"רווחה והנצחה",1
"רווחה והשכלה",1
"רווחה והשתתפות ממשלתית",1
"רווחה וזיכרון היסטורי",1
"רווחה וחינוך לגיל הרך",1
"רווחה וחקירות פליליות",1
"רווחה וכוח אדם",1
"רווחה ומגדר",1
"רווחה ומימון ציבורי",1
"רווחה ומינהל ציבורי",1
"רווחה ומיסוי",1
"רווחה ומיסוי עירוני",1
"רווחה ומס",1
"רווחה ומעונות יום",1
"רווחה ומעמד האישי",1
"רווחה ומשפט אזרחי",1
"רווחה ומשפט נוער",1
"רווחה ומשפט קטינים",1
"רווחה וסבסוד ממשלתי",1
"רווחה וסיוע בדיור",1
"רווחה וסיוע בשכר דירה",1
"רווחה ופיצוי ממשלתי",1
"רווחה ופיקוח",1
"רווחה ופיקוח על ילדים",1
"רווחה ופיקוח על מעונות יום",1
"רווחה ופיקוח על פעוטות",1
"רווחה ופלילים",1
"רווחה ופרטיות",1
"רווחה וקטינים",1
"רווחה וקליטת עולים",1
"רווחה ורגולציה",1
"רווחה ושוויון זכויות",1
"רווחה ושיכון",1
"רווחה ושילוב אנשים עם מוגבלויות",1
"רווחה ושילוב חברתי",1
"רווחה ושיקום כלכלי-חברתי",1
"רווחה ושירות ציבורי",1
"רווחה ושירותי חיוניים",1
"רווחה ושירותי חירום",1
"רווחה ושירותי נגישות",1
"רווחה ושירותי סוציאליים",1
"רווחה ושלהוב אנשים עם מוגבלות",1
"רווחה ושקיפות פרלמנטרית",1
"רווחה ושקיפות ציבורית",1
"רווחה ותחבורה ציבורית",1
"רווחה ותכנון אזורי",1
"רווחה ותכנון ובנייה",1
"רווחה ותכנון עירוני",1
"רווחה ותנאי עבודה",1
"רווחה ותנאי עסקה",1
"רווחה ותנאי שירות",1
"רווחה ותעסוקת אוכלוסיות ייחודיות",1
"רווחה ותעסוקת חיילים משוחררים",1
"רווחה זיכרון והנצחה",1
"רווחה זכויות אדם",1
"רווחה חברתית ושוויון",1
"רווחה כלכלית והטבות לחיילים משוחררים",1
"רווחה כלכלית וחירום",1
"רווחה כלכלית וחקלאות",1
"רווחה כלכלית ופיצוי עסקים",1
"רווחה כלכלית ופיצויים",1
"רווחה כלכלית ושלטון מקומי",1
"רווחה מקומית",1
"רווחה תעסוקתית",1
"רווחה وديור ציבורי",1
"רישוי כלי נשק",1
"רישוי כלי רייה",1
"רישוי מקצועי",1
"רישוי מקצועי ואגרות",1
"רישוי מקצועי ובריאות",1
"רישוי נשק",1
"רישוי עיסוקים",1
"רישוי עיסוקים ובטיחות",1
"רישוי עסקים ואכיפה",1
"רישוי עסקים ובטיחות",1
"רישוי עסקים ובטיחות בדרכים",1
"רישוי עסקים ובריאות הציבור",1
"רישוי עסקים והגנת הצרכן",1
"רישוי עסקים והסדרה",1
"רישוי עסקים וכלכלה",1
"רישוי עסקים ומקצועות",1
"רישוי עסקים ופלילי",1
"רישוי עסקים ורגולציה",1
"רכש ממשלתי ופיתוח אזורי",1
"רכש ממשלתי ושיקום נכים",1
"רכש ממשלתי ותחבורה",1
"שוויון ואיסור הפליה",1
"שוויון מגדרי ומינהל ציבורי",1
"שוויון מגדרי ומנהל ציבורי",1
"שוק הדיור והשכירות",1
"שוק ההון וניירות ערך",1
"שוק העבודה ואכיפה",1
"שיוויון בעבודה",1
"שיוויון והעדפה מתקנת",1
"שיכון ובינוי",1
"שיקום אסירים ועבריינים",1
"שירות בתי הסוהר וביטחון",1
"שירות בתי הסוהר וזכויות אסירים",1
"שירות הדת",1
"שירות המדינה",1
"שירות פיננסי",1
"שירות ציבורי וזכויות לשוניות",1
"שירות קבע",1
"שירות 公 (ציבורי)",1
"שירותי בריאות ורפואה דחופה",1
"שירותי רווחה ומידע ציבורי",1
"שירותי רווחה וסיוע סוציאלי",1
"שירותים פיננסיים וחיסכון פנסיוני",1
"שירותים פיננסיים ופנסיה",1
"שירותים פיננסיים וצרכנות",1
"שכר ופנסיה בשירות הציבורי",1
"שכר ותנאי עבודה",1
"שלטון מקומי ואיגודי ערים",1
"שלטון מקומי ואיכות הסביבה",1
"שלטון מקומי ואנרגיה",1
"שלטון מקומי ובחירות",1
"שלטון מקומי וגבייה",1
"שלטון מקומי וגביית חובות",1
"שלטון מקומי ודת",1
"שלטון מקומי וזכויות אנשים עם מוגבלות",1
"שלטון מקומי וזכויות יסוד",1
"שלטון מקומי וחינוך",1
"שלטון מקומי ולשון רשמית",1
"שלטון מקומי ומימון בחירות",1
"שלטון מקומי וממשל",1
"שלטון מקומי ומערכת אכיפת החוק",1
"שלטון מקומי ונזיקין",1
"שלטון מקומי ושירותי דת",1
"שלטון מקומי ותכנון מטרופוליני",1
"שלטון מקומי ותכנון מרחבי",1
"שלטון מקומי ותקציב",1
"שלטון מקומי ותקציבים",1
"שפה ומעמד ציבורי",1
"שקיפות ומידע לציבור",1
"שקיפות ומנהל תקין",1
"שקיפות ציבורית ורגולציה של ארגונים",1
"שקיפות שלטונית",1
"תחבורה ואכיפה עירונית",1
"תחבורה ואכיפת חוק",1
"תחבורה ואנרגיה",1
"תחבורה ובטיחות",1
"תחבורה ודיור",1
"תחבורה והגירה",1
"תחבורה וימאות",1
"תחבורה ומינהל ציבורי",1
"תחבורה ומנהל ציבורי",1
"תחבורה ונגישות מידע",1
"תחבורה וסביבה",1
"תחבורה וסחר ימי",1
"תחבורה ופיקוח פרלמנטרי",1
"תחבורה וקנסות",1
"תחבורה ורכש ממשלתי",1
"תחבורה ורפואת חירום",1
"תחבורה ורשויות מקומיות",1
"תחבורה ותעבורה",1
"תחבורה ותעשייה",1
"תחבורה עירונית",1
"תחבורה ציבורית ואיכות הסביבה",1
"תחבורה ציבורית ותשתיות",1
"תחרות וכלכלה",1
"תחרות וצרכנות",1
"תחרות כלכלית ושקיפות",1
"תכנון אסטרטגי ותקצוב",1
"תכנון ובנייה ואיכות סביבה",1
"תכנון ובנייה ואסדרה",1
"תכנון ובנייה וביטחון אזרחי",1
"תכנון ובנייה וביטחון פנים",1
"תכנון ובנייה ובריאות נפש",1
"תכנון ובנייה ודיור",1
"תכנון ובנייה והגנת הסביבה",1
"תכנון ובנייה ומיסוי עירוני",1
"תכנון ובנייה וממשל ביו״ש",1
"תכנון ובנייה וסביבה",1
"תכנון ובנייה ועסקים",1
"תכנון ובנייה ופיתוח כלכלי",1
"תכנון ובנייה ופלטפורמות התיישבותיות",1
"תכנון ובנייה ופנאי",1
"תכנון ומדיניות אזורית",1
"תכנון ומדיניות ציבורית",1
"תכנון ופיתוח אזורי",1
"תכנון לאומי ומנהל ציבורי",1
"תכנון פיתוח וכלכלה",1
"תכנון, קרקעות ופיתוח עירוני",1
"תנועה וויסות קהל",1
"תעבורה ואכיפת חוק",1
"תעבורה ומשפט מינהלי",1
"תעבורה ורשויות מקומיות",1
"תעבורה ושלטון מקומי",1
"תעופה אזרחית",1
"תעופה ואכיפה מינהלית",1
"תעופה וביטחון",1
"תעופה ופלילי/מינהלי",1
"תעופה ורישוי",1
"תעסוקה והכשרה מקצועית",1
"תעסוקה והשכלה גבוהה",1
"תעסוקה וזכויות אנשים עם מוגבלות",1
"תעסוקה וזכויות חברתיות",1
"תעסוקה וזכויות עובדים",1
"תעסוקה ומעורבות בשוק העבודה",1
"תעסוקה ומעסיקים",1
"תעסוקה וסביבה",1
"תעסוקה וסטטיסטיקה",1
"תעסוקה ועבודה",1
"תעסוקה ופיתוח אזורי",1
"תעסוקה ורגולציה",1
"תעסוקה ושוויון",1
"תעשייה ומסחר",1
"תקציב המדינה וביטחון",1
"תקציב המדינה ומימון ציבורי",1
"תקציב וחינוך",1
"תקציב ומגזר שלישי",1
"תקציב ומדינה",1
"תקציב ומדיניות",1
"תקציב ומדיניות פיסקלית",1
"תקציב ומימון",1
"תקציב ומנהל ציבורי",1
"תקציב ומסים",1
"תקציב וניהול פיסקלי",1
"תקציב ורווחה",1
"תקציב ותיקצוב ממשלתי",1
"תקשורת ואסדרה",1
"תקשורת וחופש הביטוי",1
"תקשורת וממשל",1
"תקשורת ומנהל ציבורי",1
"תקשורת ומקרקעין",1
"תקשורת ומשפט אזרחי",1
"תקשורת ומשפט ציבורי",1
"תקשורת ונגישות",1
"תקשורת ופרטיות",1
"תקשורת ופרסום",1
"תקשורת ושיווק",1
"תקשורת ושלטון",1
"תקשורת ושלטון מקומי",1
"תקשורת ותשתיות",1
"תקשורת ממשלתית ומינהל ציבורי",1
"תר חינוך וזהות לאומית",1
"תר חינוך וזיכרון",1
"תרבות ואומנות",1
"תרבות וזהות לאומית",1
"תרבות ויצירה מקומית",1
"תרבות וספורט",1
"תרבות ופאי",1
"תרבות ופאינה",1
"תרבות ופנאי",1
"תרבות ופנוי",1
"תרבות וציבור",1
"תשתיות",1
"תשתיות וביטחון",1
"תשתיות ומידע גאוגרפי",1
"תשתיות ומינהל ציבורי",1
"תשתיות וקרקעות",1
"תשתיות ותכנון ובניה",1
"תשתיות מים וביוב",1
"תשתיות תחבורה",1
